id,first_name,last_name,email,phone,date_of_birth,signup_date,country,state,city,zip_code,address,company,department,job_title,status,category,segment,score_1,score_2,score_3,metric_a,metric_b,metric_c,revenue,cost,profit,margin_pct,units_sold,discount_pct,rating,reviews_count,last_login,sessions,page_views,bounce_rate,conversion_rate,plan,is_active,is_verified,priority,region,channel,source,campaign,tags,notes,created_at,updated_at,flag
1,David,Smith,david.smith1@example.com,+1-555-3286,2003-01-14,2022-04-15,IN,OR,Portland,21395,605 Main St,Company 28,Sales,Manager,active,A,SMB,64,77,3,0.561,0.716,0.701,37335.97,18591.7,18744.27,50.2,215,7,2.8,569,2026-07-26,2,1308,65.9,3.73,basic,TRUE,FALSE,low,NA,mobile,organic,campaign_6,tag1;tag2,,2026-08-01T09:00:00,2026-08-03T09:00:00,1
2,Tara,Patel,tara.patel2@example.com,+1-555-9785,1975-08-08,2024-09-23,AU,OR,Portland,20328,566 Main St,Company 19,Marketing,Analyst,pending,A,SMB,84,29,98,0.289,0.08,0.233,40549.29,28055.76,12493.53,30.8,52,12,2.1,1301,2026-07-27,94,1333,39.6,2.49,pro,TRUE,TRUE,high,EMEA,web,paid,campaign_7,tag1;tag2,,2026-08-01T09:00:00,2026-08-03T09:00:00,1
3,Rosa,Kim,rosa.kim3@example.com,+1-555-1916,1980-04-10,2024-04-21,US,OR,Portland,51347,411 Main St,Company 18,Sales,Analyst,pending,C,Mid,27,83,63,0.396,0.915,0.459,34546.1,25465.34,9080.76,26.3,136,4,2.0,1149,2026-07-18,68,4789,44.3,6.04,pro,TRUE,TRUE,high,LATAM,web,organic,campaign_2,tag1;tag2,,2026-08-01T09:00:00,2026-08-03T09:00:00,0
4,Frank,Nguyen,frank.nguyen4@example.com,+1-555-8668,1993-09-26,2022-09-15,IN,OR,Portland,11504,697 Main St,Company 47,Sales,Engineer,pending,B,SMB,37,55,20,0.454,0.954,0.876,30224.04,16741.31,13482.73,44.6,135,16,4.0,1039,2026-07-30,28,2445,77.3,5.32,basic,TRUE,FALSE,low,NA,store,paid,campaign_8,tag1;tag2,,2026-08-01T09:00:00,2026-08-03T09:00:00,0
5,David,Brown,david.brown5@example.com,+1-555-6038,1980-09-28,2022-03-01,DE,OR,Portland,84364,970 Main St,Company 6,Sales,Director,active,C,SMB,16,84,60,0.947,0.165,0.528,44057.37,32279.35,11778.02,26.7,311,13,4.9,1902,2026-07-18,194,1648,67.0,4.29,pro,FALSE,FALSE,low,EMEA,web,organic,campaign_6,tag1;tag2,,2026-08-01T09:00:00,2026-08-03T09:00:00,0
6,Sam,Muller,sam.muller6@example.com,+1-555-2163,2001-10-02,2023-10-09,US,OR,Portland,40007,70 Main St,Company 3,Marketing,Manager,pending,A,Mid,85,62,27,0.539,0.723,0.882,12275.62,5991.57,6284.05,51.2,296,15,2.0,968,2026-07-26,105,1560,17.5,6.76,pro,FALSE,FALSE,medium,NA,store,referral,campaign_2,tag1;tag2,,2026-08-01T09:00:00,2026-08-03T09:00:00,0
7,Mona,Brown,mona.brown7@example.com,+1-555-4139,1978-07-14,2023-07-04,BR,OR,Portland,28373,433 Main St,Company 12,Marketing,Director,active,A,Mid,70,12,6,0.652,0.541,0.015,40229.03,17849.93,22379.1,55.6,48,29,4.0,484,2026-07-06,105,3979,48.5,8.71,free,TRUE,FALSE,low,LATAM,mobile,paid,campaign_5,tag1;tag2,,2026-08-01T09:00:00,2026-08-03T09:00:00,1
8,Rosa,Lopez,rosa.lopez8@example.com,+1-555-1958,1995-12-25,2024-01-24,IN,OR,Portland,17989,766 Main St,Company 21,Sales,Manager,pending,B,Enterprise,67,20,7,0.961,0.08,0.186,8585.04,4452.92,4132.12,48.1,305,2,3.7,481,2026-07-13,31,4667,29.7,6.15,free,FALSE,FALSE,medium,EMEA,store,referral,campaign_6,tag1;tag2,,2026-08-01T09:00:00,2026-08-03T09:00:00,0
9,Ines,Nguyen,ines.nguyen9@example.com,+1-555-8491,1984-03-08,2024-08-09,CA,OR,Portland,11220,470 Main St,Company 40,Sales,Manager,pending,A,Enterprise,33,16,44,0.881,0.879,0.37,7413.04,4879.27,2533.77,34.2,81,14,4.3,1440,2026-07-10,157,4334,10.6,8.26,pro,TRUE,TRUE,medium,NA,web,referral,campaign_9,tag1;tag2,,2026-08-01T09:00:00,2026-08-03T09:00:00,0
10,Ines,Patel,ines.patel10@example.com,+1-555-4335,2000-11-02,2023-10-12,FR,OR,Portland,76244,501 Main St,Company 17,Sales,Manager,pending,B,Mid,5,0,42,0.771,0.637,0.262,30636.66,21048.76,9587.9,31.3,380,14,3.2,875,2026-07-18,3,917,16.0,8.89,basic,TRUE,FALSE,high,EMEA,mobile,organic,campaign_1,tag1;tag2,,2026-08-01T09:00:00,2026-08-03T09:00:00,1
11,Liam,Smith,liam.smith11@example.com,+1-555-5088,1999-12-02,2022-04-16,JP,OR,Portland,83385,906 Main St,Company 27,Engineering,Analyst,active,A,Mid,3,22,94,0.924,0.782,0.412,45047.31,21804.28,23243.03,51.6,343,27,3.9,508,2026-07-09,41,886,40.6,0.87,enterprise,TRUE,TRUE,medium,APAC,mobile,organic,campaign_4,tag1;tag2,,2026-08-01T09:00:00,2026-08-03T09:00:00,0
12,Grace,Nguyen,grace.nguyen12@example.com,+1-555-5573,1985-10-02,2023-10-19,IN,OR,Portland,62386,696 Main St,Company 35,Marketing,Manager,active,B,SMB,74,33,4,0.108,0.435,0.729,17084.84,12740.87,4343.97,25.4,161,13,3.4,1047,2026-07-04,99,4724,25.2,0.92,enterprise,TRUE,TRUE,medium,LATAM,web,referral,campaign_6,tag1;tag2,,2026-08-01T09:00:00,2026-08-03T09:00:00,1
13,David,Patel,david.patel13@example.com,+1-555-6344,1988-01-19,2023-12-15,FR,OR,Portland,82667,131 Main St,Company 13,Support,Director,pending,C,SMB,78,72,38,0.406,0.834,0.304,25849.0,17235.01,8613.99,33.3,108,13,4.1,1242,2026-07-21,83,3810,45.3,6.92,enterprise,TRUE,TRUE,medium,APAC,web,organic,campaign_5,tag1;tag2,,2026-08-01T09:00:00,2026-08-03T09:00:00,0
14,Grace,Garcia,grace.garcia14@example.com,+1-555-8784,1997-06-03,2024-05-20,CA,OR,Portland,69692,425 Main St,Company 41,Engineering,Director,inactive,B,SMB,18,83,88,0.006,0.751,0.77,2196.84,1093.89,1102.95,50.2,55,24,2.7,360,2026-07-26,179,4244,47.2,5.8,free,FALSE,TRUE,medium,APAC,mobile,referral,campaign_9,tag1;tag2,,2026-08-01T09:00:00,2026-08-03T09:00:00,1
15,Rosa,Lopez,rosa.lopez15@example.com,+1-555-8777,1990-03-10,2022-09-23,DE,OR,Portland,93579,284 Main St,Company 50,Support,Analyst,inactive,B,SMB,91,36,30,0.272,0.32,0.54,44963.2,31360.13,13603.07,30.3,71,4,1.9,1421,2026-07-05,181,1753,15.1,4.37,enterprise,FALSE,TRUE,low,LATAM,mobile,referral,campaign_1,tag1;tag2,,2026-08-01T09:00:00,2026-08-03T09:00:00,1
16,Paul,Smith,paul.smith16@example.com,+1-555-7389,2008-04-13,2024-07-02,AU,OR,Portland,80545,766 Main St,Company 48,Engineering,Director,active,B,Mid,62,3,49,0.336,0.679,0.404,47194.34,24514.87,22679.47,48.1,85,26,2.9,261,2026-07-20,137,221,82.6,6.12,free,TRUE,FALSE,low,LATAM,web,organic,campaign_5,tag1;tag2,,2026-08-01T09:00:00,2026-08-03T09:00:00,1
17,Kira,Kim,kira.kim17@example.com,+1-555-7211,1982-06-25,2024-02-10,AU,OR,Portland,43065,855 Main St,Company 6,Support,Manager,pending,C,SMB,44,28,83,0.069,0.957,0.04,23280.27,12454.95,10825.32,46.5,16,30,2.0,1718,2026-07-01,160,1249,29.1,5.0,free,TRUE,FALSE,high,APAC,mobile,organic,campaign_10,tag1;tag2,,2026-08-01T09:00:00,2026-08-03T09:00:00,0
18,Frank,Patel,frank.patel18@example.com,+1-555-6111,1995-10-30,2023-11-25,AU,OR,Portland,61990,965 Main St,Company 46,Engineering,Manager,pending,C,Enterprise,31,13,89,0.772,0.85,0.6,6296.84,2583.41,3713.43,59.0,62,25,4.9,1602,2026-07-02,89,4365,44.3,4.02,pro,TRUE,FALSE,medium,NA,mobile,paid,campaign_8,tag1;tag2,,2026-08-01T09:00:00,2026-08-03T09:00:00,0
19,Nate,Garcia,nate.garcia19@example.com,+1-555-5425,1997-08-18,2024-04-07,IN,OR,Portland,73372,477 Main St,Company 28,Marketing,Engineer,active,A,Mid,57,31,96,0.465,0.61,0.379,36955.97,29054.4,7901.57,21.4,15,15,4.4,372,2026-07-16,55,2907,73.8,3.73,pro,TRUE,TRUE,low,EMEA,store,paid,campaign_8,tag1;tag2,,2026-08-01T09:00:00,2026-08-03T09:00:00,0
20,Paul,Lopez,paul.lopez20@example.com,+1-555-5820,1979-12-10,2023-02-19,DE,OR,Portland,50135,680 Main St,Company 38,Marketing,Director,pending,C,Mid,54,95,70,0.331,0.703,0.271,22960.55,9342.59,13617.96,59.3,129,7,1.5,394,2026-07-11,31,4390,86.1,7.06,basic,TRUE,FALSE,medium,APAC,web,organic,campaign_5,tag1;tag2,,2026-08-01T09:00:00,2026-08-03T09:00:00,0