user_id,customer_id,email,signed_up_at,last_seen_at,is_active,role
1,159,user1@example.com,2026-01-07,2025-07-24,False,member
2,422,user2@example.com,2025-12-29,2026-08-29,False,member
3,18,user3@example.com,2025-05-15,2025-01-06,False,viewer
4,224,user4@example.com,2026-04-26,2025-10-26,True,member
5,401,user5@example.com,2026-02-24,2026-01-05,False,member
6,477,user6@example.com,2026-04-03,2025-02-07,True,member
7,126,user7@example.com,2025-10-11,2025-10-01,True,member
8,326,user8@example.com,2026-06-26,2025-12-28,True,member
9,95,user9@example.com,2025-08-25,2026-01-04,True,member
10,58,user10@example.com,2026-05-05,2025-03-14,True,member
11,177,user11@example.com,2025-05-04,2025-06-18,True,member
12,443,user12@example.com,2025-05-31,2025-05-29,False,member
13,345,user13@example.com,2025-11-16,2026-01-24,False,viewer
14,245,user14@example.com,2025-12-04,2025-07-19,True,admin
15,142,user15@example.com,2026-03-29,2025-12-13,True,member
16,71,user16@example.com,2025-06-30,2026-03-20,False,member
17,136,user17@example.com,2026-06-14,2026-04-29,True,member
18,77,user18@example.com,2025-07-20,2025-04-22,True,member
19,94,user19@example.com,2025-11-21,2026-07-03,True,admin
20,344,user20@example.com,2026-07-20,2025-04-11,True,member
21,67,user21@example.com,2025-11-24,2025-01-14,True,member
22,24,user22@example.com,2026-02-18,2025-01-28,False,member
23,272,user23@example.com,2026-07-06,2025-05-03,False,member
24,144,user24@example.com,2026-08-15,2026-06-15,False,viewer
25,228,user25@example.com,2025-10-31,2025-05-07,True,viewer
26,70,user26@example.com,2025-09-11,2026-02-25,False,viewer
27,105,user27@example.com,2025-04-30,2025-09-12,False,member
28,221,user28@example.com,2025-11-23,2025-01-25,True,member
29,346,user29@example.com,2026-07-12,2025-09-27,True,member
30,208,user30@example.com,2025-10-23,2025-01-18,True,viewer
31,271,user31@example.com,2025-07-31,2025-10-17,True,member
32,261,user32@example.com,2025-03-07,2025-12-06,True,member
33,135,user33@example.com,2025-08-25,2025-11-13,True,member
34,140,user34@example.com,2025-05-24,2025-06-21,True,member
35,213,user35@example.com,2026-08-16,2026-04-11,True,admin
36,17,user36@example.com,2025-11-17,2025-12-29,True,member
37,343,user37@example.com,2025-03-25,2025-06-04,False,member
38,308,user38@example.com,2025-02-10,2025-09-21,True,viewer
39,154,user39@example.com,2026-06-01,2025-03-07,True,member
40,187,user40@example.com,2026-07-20,2026-07-15,True,viewer
41,165,user41@example.com,2026-04-09,2026-04-03,False,member
42,326,user42@example.com,2025-03-17,2025-06-24,True,viewer
43,380,user43@example.com,2025-03-01,2026-02-14,False,admin
44,55,user44@example.com,2025-05-01,2026-02-17,True,viewer
45,207,user45@example.com,2026-04-01,2026-01-06,True,member
46,7,user46@example.com,2026-04-10,2025-02-02,True,member
47,227,user47@example.com,2026-05-24,2026-06-18,True,member
48,125,user48@example.com,2025-02-28,2026-08-04,False,member
49,168,user49@example.com,2025-04-04,2026-08-15,False,member
50,229,user50@example.com,2026-07-01,2026-08-19,True,member
51,162,user51@example.com,2026-07-18,2026-07-18,False,viewer
52,198,user52@example.com,2026-03-17,2026-03-25,True,member
53,383,user53@example.com,2025-03-06,2025-02-04,True,member
54,406,user54@example.com,2025-02-11,2025-10-10,True,member
55,3,user55@example.com,2025-02-03,2025-05-29,True,viewer
56,189,user56@example.com,2026-02-24,2025-05-14,False,viewer
57,424,user57@example.com,2026-05-29,2026-05-20,True,member
58,266,user58@example.com,2026-01-19,2026-05-09,True,viewer
59,103,user59@example.com,2025-06-09,2025-11-13,True,member
60,297,user60@example.com,2026-04-05,2026-03-23,True,viewer
61,73,user61@example.com,2025-02-05,2025-03-20,True,viewer
62,11,user62@example.com,2026-05-18,2025-05-15,False,member
63,317,user63@example.com,2026-06-26,2026-06-07,True,member
64,258,user64@example.com,2026-03-13,2025-10-01,True,member
65,379,user65@example.com,2026-06-18,2025-11-28,True,admin
66,173,user66@example.com,2025-12-22,2025-10-08,True,viewer
67,428,user67@example.com,2025-10-12,2025-05-03,True,member
68,211,user68@example.com,2025-07-15,2026-05-17,False,member
69,370,user69@example.com,2026-07-14,2026-04-06,False,viewer
70,51,user70@example.com,2026-02-28,2026-02-20,True,member
71,49,user71@example.com,2025-04-26,2025-08-03,False,member
72,392,user72@example.com,2026-08-04,2026-01-26,True,member
73,417,user73@example.com,2025-02-05,2026-08-02,True,member
74,472,user74@example.com,2025-12-23,2026-01-30,False,member
75,163,user75@example.com,2025-04-26,2025-10-28,False,admin
76,12,user76@example.com,2026-02-08,2025-06-14,False,member
77,490,user77@example.com,2025-09-08,2025-11-14,True,member
78,301,user78@example.com,2025-09-23,2025-08-14,True,member
79,124,user79@example.com,2026-02-12,2026-01-07,True,member
80,382,user80@example.com,2026-04-04,2025-01-28,True,member
81,452,user81@example.com,2025-08-19,2025-04-26,False,member
82,143,user82@example.com,2026-08-29,2026-04-23,True,member
83,385,user83@example.com,2025-10-30,2025-08-20,True,member
84,394,user84@example.com,2025-04-08,2025-09-20,True,member
85,251,user85@example.com,2025-01-04,2025-11-27,True,member
86,317,user86@example.com,2025-05-03,2025-09-24,True,viewer
87,135,user87@example.com,2026-02-24,2026-04-06,True,member
88,465,user88@example.com,2025-11-24,2025-05-29,True,member
89,492,user89@example.com,2025-07-25,2026-04-06,True,admin
90,491,user90@example.com,2025-10-20,2025-05-08,True,member
91,369,user91@example.com,2026-05-24,2025-08-13,True,admin
92,22,user92@example.com,2025-12-13,2025-12-23,False,viewer
93,184,user93@example.com,2025-02-05,2026-06-22,True,viewer
94,223,user94@example.com,2025-01-30,2025-05-22,True,member
95,480,user95@example.com,2025-10-20,2025-12-23,True,member
96,274,user96@example.com,2025-09-03,2025-02-08,False,member
97,269,user97@example.com,2026-06-01,2025-02-15,False,member
98,74,user98@example.com,2025-12-20,2026-04-11,True,member
99,397,user99@example.com,2026-04-05,2026-03-13,True,member
100,169,user100@example.com,2025-12-22,2025-08-17,True,viewer
101,46,user101@example.com,2025-07-29,2026-01-14,False,member
102,494,user102@example.com,2026-02-04,2025-08-19,True,member
103,96,user103@example.com,2026-01-13,2025-06-18,True,member
104,9,user104@example.com,2026-03-14,2025-09-19,False,member
105,39,user105@example.com,2025-04-25,2025-07-09,False,viewer
106,227,user106@example.com,2026-01-25,2026-05-10,True,admin
107,52,user107@example.com,2025-06-23,2025-09-07,True,member
108,422,user108@example.com,2026-04-25,2025-07-14,True,member
109,257,user109@example.com,2026-04-30,2025-11-22,True,viewer
110,162,user110@example.com,2026-01-15,2026-04-06,True,member
111,2,user111@example.com,2026-07-29,2025-06-16,False,member
112,240,user112@example.com,2025-11-23,2026-07-25,False,viewer
113,76,user113@example.com,2025-01-16,2025-10-09,True,viewer
114,490,user114@example.com,2026-01-03,2026-02-06,True,member
115,146,user115@example.com,2026-04-18,2026-08-05,True,viewer
116,238,user116@example.com,2025-03-03,2025-09-20,True,member
117,10,user117@example.com,2025-03-05,2025-05-02,False,member
118,66,user118@example.com,2025-06-15,2026-03-30,True,viewer
119,104,user119@example.com,2026-05-28,2025-01-05,True,member
120,26,user120@example.com,2025-11-17,2025-10-05,True,member
121,363,user121@example.com,2026-08-16,2026-08-18,True,viewer
122,473,user122@example.com,2026-06-14,2025-09-09,True,viewer
123,493,user123@example.com,2025-12-03,2026-02-20,False,viewer
124,133,user124@example.com,2026-02-17,2025-11-15,False,member
125,395,user125@example.com,2025-07-20,2025-05-11,True,viewer
126,253,user126@example.com,2025-02-24,2025-07-12,False,member
127,23,user127@example.com,2025-08-31,2025-11-14,True,member
128,46,user128@example.com,2025-12-26,2025-03-05,False,member
129,274,user129@example.com,2025-04-21,2025-09-09,True,viewer
130,212,user130@example.com,2025-05-15,2025-09-09,True,viewer
131,5,user131@example.com,2025-01-10,2026-05-22,False,member
132,466,user132@example.com,2026-03-22,2025-03-17,True,member
133,366,user133@example.com,2026-06-30,2026-05-27,True,member
134,252,user134@example.com,2026-05-18,2025-09-07,True,member
135,494,user135@example.com,2025-08-19,2026-01-31,True,member
136,486,user136@example.com,2025-12-27,2025-12-05,True,admin
137,487,user137@example.com,2026-08-07,2025-07-01,True,member
138,130,user138@example.com,2025-12-25,2026-07-19,False,viewer
139,441,user139@example.com,2025-06-29,2025-05-17,True,member
140,253,user140@example.com,2025-07-25,2025-01-22,True,viewer
141,364,user141@example.com,2026-03-18,2026-04-01,True,member
142,430,user142@example.com,2025-09-28,2026-01-13,False,member
143,82,user143@example.com,2026-05-24,2026-06-25,True,admin
144,225,user144@example.com,2026-06-09,2025-10-05,True,member
145,65,user145@example.com,2025-01-22,2025-01-11,True,member
146,140,user146@example.com,2026-03-16,2025-01-13,False,member
147,207,user147@example.com,2025-08-13,2025-09-20,False,admin
148,428,user148@example.com,2025-11-12,2025-06-01,True,member
149,432,user149@example.com,2025-06-10,2026-07-14,False,member
150,195,user150@example.com,2025-08-12,2025-03-13,True,member
151,165,user151@example.com,2025-07-20,2026-06-19,True,member
152,266,user152@example.com,2025-01-31,2025-05-12,True,member
153,456,user153@example.com,2026-04-21,2025-03-14,True,member
154,489,user154@example.com,2025-03-28,2025-06-16,True,member
155,114,user155@example.com,2025-08-17,2025-03-29,True,member
156,94,user156@example.com,2025-04-28,2025-09-01,True,admin
157,354,user157@example.com,2025-04-08,2025-07-20,True,viewer
158,151,user158@example.com,2025-08-15,2025-11-18,True,admin
159,100,user159@example.com,2026-07-12,2025-11-22,False,member
160,16,user160@example.com,2026-07-28,2025-01-01,False,member
161,202,user161@example.com,2025-08-20,2025-03-17,True,member
162,196,user162@example.com,2025-11-03,2025-04-09,True,member
163,282,user163@example.com,2026-08-22,2025-04-29,True,viewer
164,101,user164@example.com,2025-05-23,2025-02-26,True,member
165,358,user165@example.com,2026-07-28,2025-07-10,True,member
166,341,user166@example.com,2025-03-06,2025-11-30,True,member
167,232,user167@example.com,2025-05-18,2025-07-07,False,admin
168,91,user168@example.com,2025-07-25,2025-07-19,True,member
169,254,user169@example.com,2025-01-23,2025-10-13,True,member
170,338,user170@example.com,2026-05-11,2025-11-29,True,member
171,187,user171@example.com,2026-06-04,2025-07-20,False,viewer
172,132,user172@example.com,2025-08-21,2025-05-15,True,member
173,254,user173@example.com,2026-05-23,2025-09-06,False,viewer
174,178,user174@example.com,2026-04-14,2025-01-15,True,member
175,201,user175@example.com,2026-05-02,2025-10-26,True,viewer
176,175,user176@example.com,2026-05-03,2026-07-26,True,member
177,152,user177@example.com,2025-12-15,2025-08-30,True,member
178,359,user178@example.com,2025-03-09,2025-03-07,False,viewer
179,231,user179@example.com,2026-07-15,2026-03-06,True,member
180,234,user180@example.com,2026-01-05,2025-03-19,False,viewer
181,327,user181@example.com,2026-07-02,2025-04-28,True,member
182,181,user182@example.com,2026-08-06,2025-03-30,False,admin
183,51,user183@example.com,2025-04-24,2026-06-21,False,member
184,427,user184@example.com,2025-09-02,2026-08-19,True,member
185,28,user185@example.com,2025-04-27,2025-12-12,True,viewer
186,286,user186@example.com,2025-01-31,2026-01-10,False,viewer
187,133,user187@example.com,2026-08-10,2026-01-27,True,admin
188,107,user188@example.com,2026-07-15,2026-01-06,False,admin
189,21,user189@example.com,2026-07-20,2025-11-27,True,admin
190,451,user190@example.com,2026-06-21,2026-08-22,True,member
191,215,user191@example.com,2026-01-29,2026-03-22,True,admin
192,172,user192@example.com,2025-11-13,2025-02-23,False,member
193,371,user193@example.com,2026-08-25,2025-08-26,False,member
194,20,user194@example.com,2025-12-02,2026-08-15,True,viewer
195,283,user195@example.com,2026-01-25,2025-09-03,False,member
196,248,user196@example.com,2025-05-09,2025-05-04,False,member
197,277,user197@example.com,2026-03-30,2026-06-12,True,admin
198,62,user198@example.com,2026-05-13,2026-01-14,True,viewer
199,477,user199@example.com,2026-02-16,2025-12-08,False,member
200,120,user200@example.com,2025-10-30,2025-09-12,True,admin
201,340,user201@example.com,2025-05-01,2025-03-17,True,member
202,374,user202@example.com,2025-01-21,2025-08-22,False,viewer
203,172,user203@example.com,2026-01-16,2025-09-23,True,admin
204,66,user204@example.com,2026-02-19,2026-07-20,False,member
205,149,user205@example.com,2026-04-14,2025-07-06,False,member
206,404,user206@example.com,2026-07-31,2025-04-01,False,viewer
207,454,user207@example.com,2025-10-29,2025-09-17,True,member
208,469,user208@example.com,2026-05-19,2026-08-29,True,admin
209,114,user209@example.com,2026-03-11,2025-10-20,True,member
210,304,user210@example.com,2025-06-18,2025-08-19,True,member
211,76,user211@example.com,2026-05-28,2026-02-09,False,member
212,356,user212@example.com,2025-02-02,2026-01-29,True,member
213,208,user213@example.com,2025-12-30,2025-07-01,True,member
214,357,user214@example.com,2026-07-25,2026-08-11,True,admin
215,343,user215@example.com,2026-02-04,2025-12-26,True,member
216,497,user216@example.com,2026-07-23,2025-02-04,True,member
217,245,user217@example.com,2025-02-04,2025-09-05,True,member
218,171,user218@example.com,2025-11-20,2026-07-15,False,admin
219,264,user219@example.com,2026-04-19,2025-08-27,True,viewer
220,82,user220@example.com,2026-01-25,2025-12-11,False,member
221,56,user221@example.com,2026-06-19,2026-01-07,False,member
222,260,user222@example.com,2025-10-08,2026-03-04,True,admin
223,413,user223@example.com,2026-02-19,2026-06-14,False,member
224,267,user224@example.com,2025-09-12,2025-04-01,True,member
225,391,user225@example.com,2026-06-14,2025-11-10,True,member
226,89,user226@example.com,2025-03-14,2025-11-20,True,viewer
227,225,user227@example.com,2025-06-04,2025-04-03,True,member
228,307,user228@example.com,2025-02-28,2026-02-13,False,member
229,174,user229@example.com,2026-03-03,2025-03-13,False,member
230,8,user230@example.com,2025-05-22,2025-10-04,False,member
231,37,user231@example.com,2025-07-12,2025-07-20,True,viewer
232,464,user232@example.com,2026-05-23,2025-04-05,True,admin
233,303,user233@example.com,2025-08-07,2026-05-15,False,member
234,133,user234@example.com,2025-03-30,2025-05-29,True,viewer
235,130,user235@example.com,2025-01-13,2025-06-04,True,admin
236,20,user236@example.com,2025-05-18,2026-06-03,True,member
237,473,user237@example.com,2026-07-10,2026-06-17,True,member
238,55,user238@example.com,2025-11-30,2025-01-21,True,viewer
239,380,user239@example.com,2026-08-27,2025-06-18,True,member
240,121,user240@example.com,2025-05-11,2026-03-07,True,member
241,168,user241@example.com,2025-08-02,2026-04-18,True,viewer
242,137,user242@example.com,2025-04-10,2026-08-30,True,viewer
243,413,user243@example.com,2025-08-30,2025-12-03,True,member
244,17,user244@example.com,2025-12-08,2025-01-05,True,member
245,177,user245@example.com,2026-05-06,2026-06-15,False,member
246,140,user246@example.com,2025-08-12,2025-04-08,True,member
247,137,user247@example.com,2026-04-14,2025-03-15,False,viewer
248,97,user248@example.com,2026-01-16,2026-02-14,False,admin
249,457,user249@example.com,2025-06-27,2026-01-02,True,member
250,190,user250@example.com,2026-07-08,2025-02-06,False,viewer
251,210,user251@example.com,2025-09-21,2025-04-13,False,member
252,193,user252@example.com,2025-04-02,2025-12-25,True,admin
253,491,user253@example.com,2026-08-08,2025-06-04,True,member
254,170,user254@example.com,2026-07-09,2026-02-20,True,member
255,171,user255@example.com,2025-01-31,2025-09-07,False,viewer
256,164,user256@example.com,2026-07-02,2025-12-24,False,admin
257,164,user257@example.com,2026-07-30,2025-10-16,False,admin
258,45,user258@example.com,2026-05-19,2025-08-10,False,member
259,303,user259@example.com,2025-06-04,2025-07-27,True,viewer
260,13,user260@example.com,2026-01-19,2026-02-28,False,member
261,113,user261@example.com,2025-11-23,2025-11-09,True,viewer
262,102,user262@example.com,2026-01-12,2025-12-27,False,viewer
263,146,user263@example.com,2026-01-10,2025-12-17,True,member
264,379,user264@example.com,2026-01-24,2025-05-07,True,viewer
265,300,user265@example.com,2025-11-08,2026-07-09,False,member
266,496,user266@example.com,2026-02-24,2025-12-08,False,member
267,176,user267@example.com,2025-11-16,2026-03-12,True,member
268,465,user268@example.com,2025-01-11,2026-06-20,True,viewer
269,23,user269@example.com,2025-01-22,2026-07-16,True,viewer
270,253,user270@example.com,2026-08-05,2026-02-09,False,viewer
271,400,user271@example.com,2026-07-06,2026-04-23,True,viewer
272,266,user272@example.com,2025-12-22,2025-10-14,True,member
273,467,user273@example.com,2025-04-16,2026-03-24,True,viewer
274,158,user274@example.com,2026-04-20,2025-07-15,True,viewer
275,17,user275@example.com,2025-03-28,2026-03-09,True,member
276,387,user276@example.com,2025-08-18,2025-02-22,True,admin
277,35,user277@example.com,2025-07-20,2026-07-09,False,member
278,383,user278@example.com,2025-01-08,2025-05-29,False,viewer
279,367,user279@example.com,2026-05-05,2026-02-03,False,member
280,423,user280@example.com,2025-11-06,2025-01-07,True,member
281,240,user281@example.com,2025-07-11,2025-04-05,True,admin
282,448,user282@example.com,2025-11-04,2026-08-22,False,member
283,85,user283@example.com,2025-01-01,2026-05-21,False,member
284,218,user284@example.com,2025-09-23,2025-05-16,True,admin
285,61,user285@example.com,2025-11-12,2025-03-21,False,viewer
286,384,user286@example.com,2025-07-26,2026-05-10,False,member
287,358,user287@example.com,2026-05-20,2026-08-25,False,viewer
288,404,user288@example.com,2025-06-01,2025-04-13,False,member
289,383,user289@example.com,2025-03-25,2026-02-08,True,viewer
290,155,user290@example.com,2025-11-17,2025-06-22,True,member
291,35,user291@example.com,2026-06-23,2026-03-28,True,admin
292,465,user292@example.com,2025-08-16,2025-09-11,True,admin
293,247,user293@example.com,2025-01-29,2025-03-18,False,admin
294,48,user294@example.com,2026-08-12,2025-07-16,True,member
295,464,user295@example.com,2025-09-27,2025-11-23,True,viewer
296,498,user296@example.com,2025-04-15,2026-04-30,False,member
297,223,user297@example.com,2026-01-09,2025-01-13,False,member
298,386,user298@example.com,2025-07-14,2026-08-05,False,member
299,19,user299@example.com,2026-07-24,2026-01-30,True,member
300,47,user300@example.com,2025-06-28,2026-06-16,False,member
301,139,user301@example.com,2025-11-30,2026-07-19,True,member
302,329,user302@example.com,2025-11-26,2025-04-04,True,member
303,67,user303@example.com,2025-05-28,2025-02-26,True,viewer
304,18,user304@example.com,2025-10-31,2026-04-17,True,member
305,335,user305@example.com,2025-03-08,2025-04-25,False,admin
306,386,user306@example.com,2026-01-26,2025-03-31,True,admin
307,370,user307@example.com,2026-04-06,2025-10-12,True,member
308,400,user308@example.com,2026-07-31,2026-07-09,False,member
309,402,user309@example.com,2025-07-17,2026-04-28,False,viewer
310,302,user310@example.com,2025-06-23,2025-11-11,True,member
311,260,user311@example.com,2025-11-30,2025-04-30,False,member
312,429,user312@example.com,2026-02-25,2025-07-24,False,viewer
313,175,user313@example.com,2026-08-26,2026-02-22,False,member
314,49,user314@example.com,2025-01-16,2025-04-06,False,viewer
315,376,user315@example.com,2025-05-25,2025-11-15,False,admin
316,138,user316@example.com,2025-06-09,2025-01-08,False,member
317,490,user317@example.com,2025-06-05,2025-07-17,True,viewer
318,208,user318@example.com,2025-10-09,2025-05-31,True,viewer
319,426,user319@example.com,2026-06-14,2026-02-18,True,viewer
320,22,user320@example.com,2025-01-19,2026-07-09,False,member
321,330,user321@example.com,2026-05-11,2025-03-30,True,viewer
322,225,user322@example.com,2026-01-10,2026-04-29,False,member
323,232,user323@example.com,2026-01-09,2026-02-03,True,member
324,133,user324@example.com,2026-02-16,2026-08-12,True,admin
325,486,user325@example.com,2025-03-12,2026-07-08,True,member
326,197,user326@example.com,2026-03-30,2025-03-03,True,member
327,426,user327@example.com,2025-05-31,2026-03-28,True,admin
328,213,user328@example.com,2025-11-10,2025-12-26,True,member
329,25,user329@example.com,2026-02-15,2025-03-10,False,viewer
330,440,user330@example.com,2026-01-02,2025-06-06,True,viewer
331,93,user331@example.com,2025-07-16,2026-07-17,True,admin
332,136,user332@example.com,2025-08-29,2025-11-26,True,viewer
333,431,user333@example.com,2025-10-17,2025-07-25,True,admin
334,447,user334@example.com,2025-01-26,2025-07-14,True,member
335,459,user335@example.com,2026-03-17,2026-05-24,False,viewer
336,213,user336@example.com,2025-03-02,2025-06-22,False,admin
337,379,user337@example.com,2025-10-06,2025-04-07,True,admin
338,164,user338@example.com,2026-02-02,2025-12-15,True,admin
339,371,user339@example.com,2025-02-18,2026-08-26,True,member
340,252,user340@example.com,2026-08-28,2025-04-22,True,viewer
341,26,user341@example.com,2025-08-17,2025-06-04,False,admin
342,209,user342@example.com,2025-01-10,2025-10-12,True,admin
343,234,user343@example.com,2026-02-04,2025-05-02,False,member
344,129,user344@example.com,2025-12-05,2026-01-31,True,member
345,188,user345@example.com,2026-01-24,2025-06-03,True,member
346,252,user346@example.com,2026-04-01,2025-03-19,True,viewer
347,25,user347@example.com,2025-10-16,2025-06-08,True,viewer
348,76,user348@example.com,2026-05-17,2026-07-19,False,viewer
349,384,user349@example.com,2025-08-13,2026-07-22,True,member
350,176,user350@example.com,2025-11-27,2025-11-03,False,viewer
351,305,user351@example.com,2025-04-07,2025-09-01,False,member
352,283,user352@example.com,2026-01-12,2026-05-13,True,admin
353,276,user353@example.com,2025-06-08,2025-04-28,True,member
354,207,user354@example.com,2026-02-27,2026-02-01,True,admin
355,242,user355@example.com,2026-05-02,2026-02-17,True,viewer
356,412,user356@example.com,2026-06-06,2026-03-07,False,member
357,483,user357@example.com,2026-07-18,2025-05-13,True,viewer
358,129,user358@example.com,2025-03-16,2026-03-11,False,member
359,335,user359@example.com,2025-03-25,2026-01-07,True,member
360,485,user360@example.com,2026-07-17,2026-06-16,True,member
361,4,user361@example.com,2025-08-20,2025-04-16,False,member
362,393,user362@example.com,2025-01-16,2026-01-08,True,member
363,249,user363@example.com,2025-06-24,2026-05-19,False,member
364,484,user364@example.com,2026-05-23,2025-06-18,True,viewer
365,290,user365@example.com,2025-08-04,2026-03-28,False,member
366,420,user366@example.com,2025-02-16,2025-03-02,False,admin
367,84,user367@example.com,2026-03-15,2026-03-12,False,member
368,72,user368@example.com,2025-04-29,2026-01-03,True,member
369,464,user369@example.com,2025-08-03,2025-04-27,False,admin
370,264,user370@example.com,2025-01-03,2025-02-10,True,member
371,280,user371@example.com,2026-01-01,2026-03-29,False,member
372,85,user372@example.com,2025-09-28,2025-05-27,True,admin
373,114,user373@example.com,2026-06-11,2025-10-29,True,member
374,410,user374@example.com,2025-07-22,2025-02-06,True,member
375,152,user375@example.com,2025-05-05,2026-08-08,True,member
376,293,user376@example.com,2025-04-11,2025-11-30,True,member
377,159,user377@example.com,2025-05-02,2026-07-20,False,member
378,132,user378@example.com,2025-10-01,2025-04-08,True,member
379,84,user379@example.com,2025-02-22,2025-05-05,False,viewer
380,465,user380@example.com,2025-09-02,2026-01-06,True,admin
381,471,user381@example.com,2026-06-03,2026-01-02,False,member
382,58,user382@example.com,2026-04-11,2026-04-26,False,member
383,177,user383@example.com,2026-01-22,2026-07-18,True,member
384,282,user384@example.com,2026-06-27,2026-05-14,False,member
385,192,user385@example.com,2026-04-19,2025-03-27,False,viewer
386,361,user386@example.com,2026-02-01,2025-07-07,False,viewer
387,131,user387@example.com,2026-06-08,2026-07-09,True,member
388,30,user388@example.com,2025-03-17,2025-11-30,True,member
389,169,user389@example.com,2026-05-12,2026-06-11,False,member
390,299,user390@example.com,2025-06-29,2025-12-08,True,member
391,91,user391@example.com,2026-03-21,2025-01-31,False,member
392,408,user392@example.com,2026-07-09,2025-10-15,True,viewer
393,7,user393@example.com,2025-10-29,2026-05-16,False,member
394,34,user394@example.com,2025-02-23,2026-02-02,True,member
395,255,user395@example.com,2025-08-13,2025-03-22,True,member
396,257,user396@example.com,2025-09-04,2025-05-08,False,member
397,148,user397@example.com,2026-07-23,2026-06-03,False,member
398,130,user398@example.com,2026-07-27,2026-08-18,False,viewer
399,35,user399@example.com,2025-12-12,2026-04-03,False,member
400,332,user400@example.com,2026-08-01,2025-03-01,True,viewer
401,190,user401@example.com,2025-09-22,2026-01-11,True,viewer
402,60,user402@example.com,2025-09-07,2026-05-19,True,member
403,200,user403@example.com,2026-05-23,2026-01-24,True,admin
404,469,user404@example.com,2026-02-10,2025-12-27,True,member
405,131,user405@example.com,2025-11-14,2025-10-11,False,member
406,448,user406@example.com,2025-10-05,2025-05-29,True,member
407,130,user407@example.com,2026-03-05,2025-06-20,True,viewer
408,93,user408@example.com,2026-04-03,2026-03-29,True,member
409,131,user409@example.com,2025-10-25,2025-02-12,True,viewer
410,162,user410@example.com,2025-01-20,2025-02-21,True,member
411,61,user411@example.com,2025-03-03,2025-08-29,False,member
412,294,user412@example.com,2025-03-29,2026-04-16,True,admin
413,167,user413@example.com,2025-10-08,2026-02-03,True,member
414,360,user414@example.com,2026-01-08,2025-12-25,False,member
415,246,user415@example.com,2026-05-03,2025-11-21,True,member
416,222,user416@example.com,2025-05-22,2025-03-09,False,viewer
417,236,user417@example.com,2026-04-23,2025-07-21,True,member
418,79,user418@example.com,2026-02-09,2025-02-18,True,admin
419,357,user419@example.com,2025-02-01,2026-04-06,True,admin
420,53,user420@example.com,2025-08-02,2026-04-01,False,member
421,361,user421@example.com,2025-07-03,2025-06-06,True,member
422,500,user422@example.com,2026-06-23,2025-06-27,True,member
423,382,user423@example.com,2026-07-14,2025-07-12,True,member
424,228,user424@example.com,2026-05-13,2026-06-24,False,member
425,158,user425@example.com,2025-11-17,2025-10-24,False,member
426,437,user426@example.com,2025-10-27,2026-04-08,True,member
427,129,user427@example.com,2025-07-09,2025-09-30,False,member
428,242,user428@example.com,2026-04-15,2026-02-28,False,admin
429,386,user429@example.com,2025-02-22,2025-11-17,True,member
430,462,user430@example.com,2025-06-14,2025-06-19,True,admin
431,461,user431@example.com,2025-03-24,2026-06-16,True,member
432,44,user432@example.com,2025-10-28,2026-03-07,False,viewer
433,450,user433@example.com,2025-07-01,2026-04-12,True,viewer
434,58,user434@example.com,2025-04-30,2026-07-30,True,member
435,293,user435@example.com,2025-08-17,2025-06-01,True,member
436,465,user436@example.com,2026-06-07,2025-02-25,True,member
437,328,user437@example.com,2025-12-05,2025-12-20,False,viewer
438,474,user438@example.com,2026-05-15,2025-07-17,True,member
439,173,user439@example.com,2026-07-09,2025-09-22,False,member
440,158,user440@example.com,2026-07-02,2025-05-23,True,member
441,164,user441@example.com,2025-08-02,2025-08-30,True,admin
442,178,user442@example.com,2026-06-17,2025-08-27,True,member
443,342,user443@example.com,2026-07-06,2025-08-01,False,viewer
444,227,user444@example.com,2026-08-06,2026-03-27,True,viewer
445,369,user445@example.com,2025-08-02,2025-12-26,True,admin
446,209,user446@example.com,2025-05-19,2025-10-15,False,member
447,154,user447@example.com,2025-12-21,2025-03-10,True,member
448,96,user448@example.com,2026-07-20,2025-12-13,True,member
449,276,user449@example.com,2026-07-01,2025-04-17,True,member
450,450,user450@example.com,2025-12-13,2025-07-10,False,admin
451,430,user451@example.com,2025-04-01,2025-09-09,True,viewer
452,127,user452@example.com,2025-09-14,2025-03-27,True,viewer
453,239,user453@example.com,2026-03-10,2025-08-25,True,member
454,353,user454@example.com,2025-12-07,2025-06-12,True,member
455,307,user455@example.com,2025-07-29,2026-05-31,True,member
456,34,user456@example.com,2025-07-27,2026-06-06,True,member
457,296,user457@example.com,2025-02-06,2025-01-03,True,admin
458,20,user458@example.com,2025-06-25,2026-01-01,True,member
459,59,user459@example.com,2026-02-11,2026-01-24,False,admin
460,327,user460@example.com,2025-05-27,2025-08-18,True,viewer
461,52,user461@example.com,2026-08-26,2025-10-12,True,member
462,170,user462@example.com,2025-02-20,2026-04-25,False,member
463,295,user463@example.com,2025-12-24,2025-08-18,False,member
464,328,user464@example.com,2025-10-29,2025-02-09,False,viewer
465,223,user465@example.com,2026-05-21,2025-08-15,True,member
466,48,user466@example.com,2026-06-23,2025-06-04,True,member
467,400,user467@example.com,2025-11-26,2025-08-21,True,member
468,475,user468@example.com,2026-01-18,2025-05-20,True,member
469,445,user469@example.com,2026-03-01,2025-04-01,True,viewer
470,375,user470@example.com,2025-11-13,2026-08-22,True,member
471,202,user471@example.com,2025-04-23,2025-03-20,True,viewer
472,439,user472@example.com,2025-09-18,2026-03-05,True,member
473,245,user473@example.com,2025-05-27,2026-03-12,True,member
474,69,user474@example.com,2025-10-09,2026-01-10,True,admin
475,426,user475@example.com,2026-01-09,2026-07-08,False,member
476,161,user476@example.com,2025-05-08,2025-01-04,False,member
477,470,user477@example.com,2025-06-01,2025-07-03,True,member
478,185,user478@example.com,2026-05-15,2025-04-22,True,member
479,435,user479@example.com,2025-08-18,2025-12-17,True,viewer
480,269,user480@example.com,2025-05-01,2026-01-21,True,viewer
481,234,user481@example.com,2026-03-09,2026-06-30,False,member
482,149,user482@example.com,2026-03-11,2025-08-19,True,member
483,418,user483@example.com,2026-05-17,2025-05-24,True,viewer
484,31,user484@example.com,2026-04-07,2026-07-16,True,member
485,235,user485@example.com,2026-08-26,2026-02-13,True,viewer
486,185,user486@example.com,2025-12-15,2026-04-10,True,member
487,272,user487@example.com,2025-06-24,2025-09-28,True,viewer
488,128,user488@example.com,2026-06-08,2025-09-29,False,admin
489,333,user489@example.com,2025-06-10,2025-08-25,True,member
490,193,user490@example.com,2025-06-26,2026-03-31,True,member
491,95,user491@example.com,2026-05-18,2025-05-08,True,member
492,99,user492@example.com,2026-06-20,2026-08-16,True,viewer
493,349,user493@example.com,2025-07-25,2025-04-17,True,viewer
494,131,user494@example.com,2026-03-19,2025-10-07,True,admin
495,154,user495@example.com,2026-07-14,2025-07-10,False,member
496,314,user496@example.com,2026-04-30,2026-01-26,True,member
497,165,user497@example.com,2025-01-04,2026-02-18,True,member
498,195,user498@example.com,2026-02-08,2026-07-12,True,member
499,123,user499@example.com,2025-04-14,2026-04-25,True,viewer
500,173,user500@example.com,2026-05-29,2025-05-31,True,viewer
501,347,user501@example.com,2025-02-10,2025-05-06,False,admin
502,267,user502@example.com,2026-08-26,2026-06-23,True,member
503,499,user503@example.com,2025-04-18,2025-10-24,True,member
504,386,user504@example.com,2025-09-13,2025-03-01,False,member
505,9,user505@example.com,2025-05-23,2026-05-16,True,admin
506,190,user506@example.com,2026-05-10,2026-01-29,True,member
507,145,user507@example.com,2025-08-27,2025-01-16,True,member
508,294,user508@example.com,2026-03-28,2026-04-21,False,member
509,133,user509@example.com,2025-02-10,2026-01-04,True,viewer
510,484,user510@example.com,2025-10-02,2026-01-09,False,member
511,150,user511@example.com,2026-07-08,2026-06-10,False,member
512,261,user512@example.com,2026-07-17,2025-10-28,False,member
513,62,user513@example.com,2025-05-07,2025-10-07,False,viewer
514,455,user514@example.com,2025-08-28,2026-01-10,False,admin
515,456,user515@example.com,2025-09-06,2025-05-01,False,admin
516,397,user516@example.com,2025-12-10,2025-04-03,False,member
517,176,user517@example.com,2025-11-23,2026-05-28,False,member
518,30,user518@example.com,2025-03-06,2025-05-11,False,member
519,356,user519@example.com,2026-04-08,2025-11-03,False,viewer
520,215,user520@example.com,2025-05-18,2025-06-13,True,member
521,496,user521@example.com,2025-07-11,2025-05-20,True,admin
522,350,user522@example.com,2026-05-26,2025-12-29,True,member
523,270,user523@example.com,2026-02-23,2026-05-03,False,viewer
524,494,user524@example.com,2025-08-29,2025-09-26,True,viewer
525,401,user525@example.com,2026-07-08,2025-03-26,False,member
526,230,user526@example.com,2025-08-28,2025-05-29,False,member
527,10,user527@example.com,2025-12-10,2025-04-10,False,member
528,47,user528@example.com,2025-05-30,2026-06-20,True,member
529,222,user529@example.com,2025-04-22,2025-07-13,False,member
530,282,user530@example.com,2025-10-26,2025-08-15,False,member
531,16,user531@example.com,2025-12-08,2025-02-13,False,viewer
532,64,user532@example.com,2026-05-05,2025-09-28,False,member
533,353,user533@example.com,2025-08-26,2026-07-09,True,member
534,376,user534@example.com,2026-06-28,2025-09-06,True,member
535,15,user535@example.com,2026-01-04,2026-01-31,True,member
536,254,user536@example.com,2025-02-12,2025-04-21,False,admin
537,41,user537@example.com,2026-03-25,2025-03-28,True,member
538,362,user538@example.com,2025-12-15,2026-03-21,False,viewer
539,418,user539@example.com,2025-08-25,2025-02-09,False,admin
540,435,user540@example.com,2025-10-11,2025-09-30,True,member
541,300,user541@example.com,2025-07-03,2025-07-12,True,admin
542,315,user542@example.com,2026-01-08,2025-01-10,True,admin
543,464,user543@example.com,2025-12-11,2025-11-19,False,viewer
544,307,user544@example.com,2025-09-29,2026-08-09,True,member
545,224,user545@example.com,2025-06-23,2025-02-11,True,member
546,378,user546@example.com,2025-08-30,2026-05-11,False,member
547,296,user547@example.com,2025-10-30,2025-11-24,True,viewer
548,422,user548@example.com,2025-10-14,2026-03-16,False,member
549,263,user549@example.com,2025-07-07,2025-02-28,True,member
550,435,user550@example.com,2025-12-20,2026-06-12,True,member
551,23,user551@example.com,2025-05-18,2025-01-07,True,admin
552,19,user552@example.com,2025-11-01,2026-07-05,True,member
553,50,user553@example.com,2025-03-15,2026-02-04,True,admin
554,279,user554@example.com,2025-10-14,2025-07-24,False,member
555,355,user555@example.com,2026-04-21,2025-01-05,True,member
556,109,user556@example.com,2026-05-12,2026-01-06,True,member
557,78,user557@example.com,2026-02-26,2025-02-23,True,viewer
558,431,user558@example.com,2026-03-29,2026-01-05,True,member
559,376,user559@example.com,2025-02-10,2026-04-15,False,admin
560,325,user560@example.com,2025-07-27,2025-06-12,True,member
561,245,user561@example.com,2026-02-02,2025-05-25,False,viewer
562,211,user562@example.com,2026-05-01,2025-05-15,True,member
563,11,user563@example.com,2025-12-20,2025-05-17,True,member
564,95,user564@example.com,2026-06-03,2025-03-11,True,viewer
565,449,user565@example.com,2025-06-15,2025-06-01,True,member
566,170,user566@example.com,2025-04-04,2026-02-05,False,member
567,353,user567@example.com,2025-02-22,2025-07-03,True,viewer
568,352,user568@example.com,2025-12-20,2026-04-20,True,admin
569,155,user569@example.com,2026-02-08,2026-05-13,False,member
570,103,user570@example.com,2025-06-23,2026-04-07,True,member
571,346,user571@example.com,2026-04-21,2025-11-24,False,member
572,47,user572@example.com,2026-03-25,2025-07-11,False,viewer
573,248,user573@example.com,2025-08-07,2026-07-19,False,member
574,445,user574@example.com,2025-05-25,2025-05-05,False,member
575,356,user575@example.com,2026-03-27,2025-10-09,False,viewer
576,383,user576@example.com,2026-02-12,2025-10-03,True,member
577,42,user577@example.com,2025-04-14,2026-03-29,False,viewer
578,100,user578@example.com,2025-06-04,2025-11-28,True,admin
579,138,user579@example.com,2025-10-22,2026-05-01,False,member
580,147,user580@example.com,2025-11-07,2026-07-12,False,admin
581,98,user581@example.com,2025-04-11,2025-08-26,True,member
582,487,user582@example.com,2026-07-30,2026-06-16,False,viewer
583,83,user583@example.com,2025-08-24,2025-04-13,False,viewer
584,355,user584@example.com,2025-08-20,2026-07-11,True,viewer
585,294,user585@example.com,2025-02-06,2025-04-19,True,member
586,306,user586@example.com,2026-06-16,2026-06-01,False,viewer
587,108,user587@example.com,2025-05-23,2025-08-25,False,member
588,154,user588@example.com,2026-08-23,2026-08-09,True,viewer
589,304,user589@example.com,2025-10-29,2025-03-20,True,member
590,150,user590@example.com,2026-06-16,2025-10-10,False,viewer
591,348,user591@example.com,2025-04-19,2026-07-02,True,member
592,20,user592@example.com,2025-04-11,2025-01-29,True,member
593,37,user593@example.com,2026-05-02,2025-06-10,True,member
594,365,user594@example.com,2026-05-13,2025-02-20,True,member
595,309,user595@example.com,2025-11-26,2025-07-15,True,member
596,22,user596@example.com,2025-01-20,2025-08-25,False,viewer
597,450,user597@example.com,2026-07-27,2026-01-11,True,member
598,3,user598@example.com,2025-08-27,2025-06-06,False,member
599,478,user599@example.com,2026-07-23,2025-04-07,True,member
600,365,user600@example.com,2026-06-13,2025-04-14,True,member
601,495,user601@example.com,2026-06-01,2026-07-24,True,member
602,475,user602@example.com,2026-02-23,2026-08-02,True,viewer
603,157,user603@example.com,2026-02-13,2025-05-15,True,viewer
604,379,user604@example.com,2025-11-20,2025-04-29,True,member
605,106,user605@example.com,2025-01-16,2025-02-02,True,member
606,236,user606@example.com,2025-08-24,2026-08-06,True,member
607,121,user607@example.com,2026-03-20,2026-03-05,False,viewer
608,244,user608@example.com,2026-05-09,2026-04-07,True,member
609,437,user609@example.com,2025-12-06,2025-06-26,False,admin
610,219,user610@example.com,2026-03-07,2026-01-25,False,viewer
611,47,user611@example.com,2025-01-14,2025-02-06,True,viewer
612,163,user612@example.com,2025-10-12,2026-02-15,True,member
613,394,user613@example.com,2025-11-05,2025-12-18,True,member
614,261,user614@example.com,2026-06-26,2025-07-21,True,member
615,281,user615@example.com,2025-07-08,2026-03-08,True,member
616,216,user616@example.com,2025-05-20,2026-01-28,True,member
617,147,user617@example.com,2025-08-02,2025-09-24,True,admin
618,300,user618@example.com,2025-04-14,2025-04-24,True,member
619,317,user619@example.com,2025-12-05,2025-01-15,False,member
620,450,user620@example.com,2026-01-26,2026-07-24,False,member
621,309,user621@example.com,2026-05-02,2025-06-20,False,member
622,498,user622@example.com,2026-08-14,2025-07-03,True,viewer
623,414,user623@example.com,2025-02-14,2026-02-18,True,member
624,40,user624@example.com,2025-05-31,2025-06-04,True,viewer
625,197,user625@example.com,2025-07-02,2025-08-17,False,admin
626,193,user626@example.com,2025-06-01,2026-03-08,True,member
627,2,user627@example.com,2026-05-18,2025-12-28,True,viewer
628,91,user628@example.com,2025-03-26,2026-02-03,True,member
629,382,user629@example.com,2025-01-19,2025-01-03,False,member
630,177,user630@example.com,2026-06-07,2025-10-01,True,member
631,74,user631@example.com,2026-08-07,2025-10-16,True,member
632,144,user632@example.com,2025-05-18,2026-01-19,True,member
633,138,user633@example.com,2025-07-22,2025-04-02,True,member
634,88,user634@example.com,2025-11-02,2025-04-07,True,member
635,51,user635@example.com,2025-11-16,2026-04-08,True,member
636,383,user636@example.com,2026-08-25,2026-02-13,True,admin
637,413,user637@example.com,2025-09-03,2026-05-08,False,member
638,249,user638@example.com,2025-01-08,2025-06-14,True,member
639,308,user639@example.com,2025-09-14,2026-08-29,False,member
640,460,user640@example.com,2025-12-04,2025-06-15,True,member
641,422,user641@example.com,2025-11-10,2026-01-31,False,member
642,17,user642@example.com,2025-11-07,2025-04-09,True,admin
643,477,user643@example.com,2026-07-15,2026-07-12,False,member
644,34,user644@example.com,2026-05-06,2025-07-21,True,admin
645,14,user645@example.com,2025-06-02,2026-05-03,False,member
646,202,user646@example.com,2025-08-04,2025-07-21,True,viewer
647,373,user647@example.com,2026-02-10,2026-04-26,False,viewer
648,41,user648@example.com,2025-09-07,2025-10-03,False,member
649,147,user649@example.com,2025-09-18,2025-02-07,True,member
650,132,user650@example.com,2025-04-12,2025-04-26,True,member
651,199,user651@example.com,2025-06-04,2026-02-19,True,viewer
652,494,user652@example.com,2026-03-26,2025-04-28,True,viewer
653,166,user653@example.com,2026-05-27,2025-06-17,True,admin
654,105,user654@example.com,2026-04-22,2025-11-25,True,admin
655,62,user655@example.com,2025-07-06,2025-06-03,True,member
656,100,user656@example.com,2025-03-24,2025-03-20,True,viewer
657,67,user657@example.com,2025-04-07,2026-01-14,False,viewer
658,287,user658@example.com,2025-08-27,2026-02-23,True,admin
659,211,user659@example.com,2025-11-11,2026-03-21,False,member
660,249,user660@example.com,2026-06-26,2026-07-27,True,member
661,417,user661@example.com,2026-06-30,2025-03-17,True,member
662,291,user662@example.com,2025-01-02,2025-09-17,True,viewer
663,78,user663@example.com,2026-03-06,2025-05-23,False,member
664,189,user664@example.com,2025-07-01,2026-07-01,True,admin
665,157,user665@example.com,2025-05-01,2025-11-24,False,member
666,414,user666@example.com,2025-12-03,2025-03-01,True,member
667,154,user667@example.com,2025-01-21,2026-02-25,True,viewer
668,70,user668@example.com,2025-07-22,2025-01-27,True,member
669,369,user669@example.com,2025-12-02,2025-06-16,True,viewer
670,215,user670@example.com,2025-06-15,2026-03-14,True,member
671,48,user671@example.com,2025-12-27,2025-11-04,True,member
672,345,user672@example.com,2025-10-07,2026-04-07,True,member
673,106,user673@example.com,2026-05-01,2025-12-13,True,admin
674,435,user674@example.com,2025-04-21,2026-05-27,True,member
675,417,user675@example.com,2025-02-04,2025-12-08,False,member
676,185,user676@example.com,2025-11-18,2025-02-04,True,admin
677,278,user677@example.com,2025-06-05,2025-02-13,True,admin
678,284,user678@example.com,2026-03-05,2026-04-17,False,admin
679,327,user679@example.com,2025-02-26,2025-01-24,True,admin
680,35,user680@example.com,2025-12-16,2025-08-17,True,viewer
681,163,user681@example.com,2026-08-24,2025-01-10,False,viewer
682,86,user682@example.com,2025-02-26,2025-07-04,False,admin
683,349,user683@example.com,2025-07-03,2025-12-28,False,viewer
684,35,user684@example.com,2026-05-28,2025-04-16,True,member
685,259,user685@example.com,2025-11-20,2025-10-10,False,viewer
686,364,user686@example.com,2025-04-17,2026-08-28,True,member
687,475,user687@example.com,2025-05-10,2025-02-12,False,member
688,145,user688@example.com,2026-04-10,2025-02-08,False,member
689,4,user689@example.com,2026-06-07,2025-06-14,False,viewer
690,362,user690@example.com,2025-08-07,2026-05-17,True,member
691,1,user691@example.com,2025-10-15,2025-09-04,True,member
692,34,user692@example.com,2026-04-21,2026-01-24,False,member
693,496,user693@example.com,2025-04-18,2025-01-21,True,member
694,432,user694@example.com,2025-05-06,2026-03-23,True,viewer
695,354,user695@example.com,2026-04-16,2025-02-10,False,member
696,418,user696@example.com,2025-04-24,2026-03-09,True,member
697,38,user697@example.com,2026-04-13,2025-03-31,True,member
698,45,user698@example.com,2025-10-29,2026-06-06,True,member
699,151,user699@example.com,2026-08-24,2025-06-29,True,member
700,12,user700@example.com,2025-01-20,2025-04-22,True,viewer
701,445,user701@example.com,2026-07-29,2025-07-24,True,viewer
702,29,user702@example.com,2025-05-17,2025-01-01,False,member
703,273,user703@example.com,2025-01-22,2025-04-11,False,member
704,427,user704@example.com,2026-03-16,2025-12-30,True,member
705,368,user705@example.com,2025-11-20,2025-07-02,True,admin
706,118,user706@example.com,2026-05-24,2025-08-03,False,member
707,236,user707@example.com,2025-03-07,2026-05-05,False,admin
708,275,user708@example.com,2025-02-19,2025-03-17,False,member
709,384,user709@example.com,2025-12-11,2025-08-29,True,member
710,214,user710@example.com,2026-06-20,2025-04-23,False,member
711,143,user711@example.com,2025-09-04,2025-10-21,True,viewer
712,398,user712@example.com,2026-04-30,2025-07-21,True,member
713,444,user713@example.com,2026-07-05,2025-01-29,False,member
714,245,user714@example.com,2026-06-12,2025-02-12,True,viewer
715,15,user715@example.com,2025-11-05,2026-06-02,True,member
716,251,user716@example.com,2026-02-28,2025-02-04,True,member
717,445,user717@example.com,2025-11-16,2026-04-21,True,member
718,495,user718@example.com,2026-02-14,2026-07-11,True,member
719,201,user719@example.com,2025-12-11,2025-10-10,False,member
720,76,user720@example.com,2025-11-15,2025-07-09,True,admin
721,287,user721@example.com,2025-09-23,2026-04-17,True,member
722,416,user722@example.com,2026-02-01,2026-08-20,False,member
723,473,user723@example.com,2026-04-01,2025-03-15,True,member
724,26,user724@example.com,2026-07-12,2026-08-09,False,member
725,146,user725@example.com,2026-01-08,2026-07-27,True,admin
726,239,user726@example.com,2025-03-03,2025-03-28,True,member
727,50,user727@example.com,2025-12-23,2025-02-03,True,viewer
728,444,user728@example.com,2025-07-11,2026-03-10,False,member
729,57,user729@example.com,2025-01-17,2025-02-17,True,member
730,333,user730@example.com,2025-02-13,2025-12-31,False,member
731,460,user731@example.com,2025-12-25,2025-02-09,True,member
732,343,user732@example.com,2026-07-28,2026-02-24,True,viewer
733,382,user733@example.com,2025-11-03,2025-05-21,True,member
734,132,user734@example.com,2025-09-28,2025-02-28,True,member
735,414,user735@example.com,2025-02-23,2025-02-10,True,viewer
736,210,user736@example.com,2026-02-14,2025-04-25,True,member
737,31,user737@example.com,2025-02-03,2025-11-25,True,member
738,184,user738@example.com,2026-05-26,2025-02-16,True,admin
739,175,user739@example.com,2026-05-11,2026-05-02,True,admin
740,261,user740@example.com,2026-08-25,2026-01-02,True,member
741,133,user741@example.com,2025-06-22,2025-06-30,True,member
742,232,user742@example.com,2025-04-09,2026-08-22,True,member
743,214,user743@example.com,2025-07-01,2026-02-04,True,viewer
744,164,user744@example.com,2026-05-01,2026-02-12,True,member
745,349,user745@example.com,2025-05-13,2025-04-16,True,admin
746,153,user746@example.com,2026-06-23,2026-03-08,False,admin
747,383,user747@example.com,2025-04-04,2025-12-06,True,member
748,126,user748@example.com,2025-01-30,2026-08-21,True,member
749,433,user749@example.com,2025-05-14,2025-10-18,False,viewer
750,183,user750@example.com,2026-04-03,2026-02-16,True,admin
751,21,user751@example.com,2026-01-01,2025-07-27,True,member
752,75,user752@example.com,2025-08-04,2025-01-25,False,member
753,404,user753@example.com,2026-02-03,2025-03-19,False,member
754,437,user754@example.com,2026-01-29,2026-06-11,False,member
755,106,user755@example.com,2025-12-03,2026-03-25,True,viewer
756,302,user756@example.com,2025-11-09,2025-08-10,True,member
757,288,user757@example.com,2025-03-03,2026-02-28,False,member
758,67,user758@example.com,2025-06-07,2025-01-03,False,viewer
759,226,user759@example.com,2025-11-17,2025-01-23,True,admin
760,347,user760@example.com,2025-03-24,2025-11-04,True,viewer
761,484,user761@example.com,2025-10-16,2026-01-15,True,member
762,424,user762@example.com,2025-03-12,2026-07-23,True,member
763,49,user763@example.com,2026-04-23,2026-04-07,False,viewer
764,119,user764@example.com,2025-03-04,2025-06-06,True,member
765,219,user765@example.com,2025-02-26,2026-05-10,True,member
766,76,user766@example.com,2026-01-23,2025-10-26,True,member
767,286,user767@example.com,2025-05-14,2026-05-17,True,member
768,5,user768@example.com,2025-08-02,2025-04-16,True,member
769,57,user769@example.com,2025-07-10,2025-01-16,True,member
770,24,user770@example.com,2025-05-12,2025-02-05,True,member
771,148,user771@example.com,2026-04-08,2026-08-25,False,member
772,382,user772@example.com,2026-02-24,2025-02-18,True,member
773,89,user773@example.com,2025-05-25,2026-07-25,True,admin
774,494,user774@example.com,2026-02-21,2026-03-18,True,member
775,135,user775@example.com,2026-03-10,2025-03-30,True,admin
776,23,user776@example.com,2025-11-24,2026-06-09,True,admin
777,168,user777@example.com,2025-12-18,2025-03-29,True,member
778,375,user778@example.com,2026-07-22,2025-03-28,True,admin
779,54,user779@example.com,2025-10-03,2025-12-16,True,member
780,36,user780@example.com,2025-08-22,2025-06-25,False,member
781,425,user781@example.com,2025-11-24,2025-06-26,True,member
782,297,user782@example.com,2026-05-23,2025-04-29,True,viewer
783,172,user783@example.com,2026-03-07,2026-01-04,True,viewer
784,379,user784@example.com,2025-02-15,2025-01-17,True,member
785,423,user785@example.com,2025-10-06,2025-05-29,True,viewer
786,180,user786@example.com,2026-03-26,2025-12-02,True,viewer
787,281,user787@example.com,2025-05-16,2025-10-23,True,member
788,6,user788@example.com,2026-08-23,2026-03-01,True,member
789,154,user789@example.com,2026-05-06,2025-05-12,False,admin
790,298,user790@example.com,2026-05-29,2026-01-29,False,member
791,99,user791@example.com,2025-02-19,2026-04-07,False,member
792,496,user792@example.com,2025-12-18,2025-08-24,True,admin
793,486,user793@example.com,2025-11-17,2025-06-05,True,member
794,129,user794@example.com,2026-01-16,2025-12-03,True,viewer
795,199,user795@example.com,2026-06-01,2025-12-18,True,member
796,95,user796@example.com,2025-08-03,2025-02-27,True,member
797,252,user797@example.com,2025-11-21,2025-12-10,True,member
798,62,user798@example.com,2026-02-17,2025-04-04,True,member
799,196,user799@example.com,2026-04-03,2025-12-12,True,viewer
800,278,user800@example.com,2026-04-13,2026-07-20,True,viewer
