pickup_id,pickup_date,product,product_amount,unit,carrier,carrier_appointment_time,carrier_arrival_time,carrier_departure_time
PU-1001,2026-07-02,Office Chairs,92,units,FedEx Freight,2026-07-02 06:00,2026-07-02 06:13,2026-07-02 07:06
PU-1002,2026-07-02,Office Chairs,34,units,Werner Enterprises,2026-07-02 08:00,2026-07-02 08:05,2026-07-02 08:38
PU-1003,2026-07-02,Paper Towels 12-Roll,19,pallets,FedEx Freight,2026-07-02 09:30,2026-07-02 09:53,2026-07-02 11:10
PU-1004,2026-07-02,Canned Tomatoes 28oz,7,pallets,J.B. Hunt,2026-07-02 09:30,2026-07-02 09:58,2026-07-02 10:37
PU-1005,2026-07-02,Dog Food 30lb Bags,18,pallets,Knight-Swift,2026-07-02 10:00,2026-07-02 10:24,2026-07-02 11:29
PU-1006,2026-07-02,Copy Paper 8.5x11,5,pallets,Old Dominion Freight Line,2026-07-02 10:30,2026-07-02 10:59,2026-07-02 11:48
PU-1007,2026-07-02,Office Chairs,56,units,TForce Freight,2026-07-02 12:30,2026-07-02 12:25,2026-07-02 13:20
PU-1008,2026-07-02,Ceramic Floor Tile,20,pallets,Averitt Express,2026-07-02 13:00,2026-07-02 13:00,2026-07-02 14:20
PU-1009,2026-07-02,Motor Oil 5qt,241,cases,TForce Freight,2026-07-02 14:00,2026-07-02 14:14,2026-07-02 15:18
PU-1010,2026-07-02,Microwave Ovens 1.1cu ft,78,units,ABF Freight,2026-07-02 15:00,2026-07-02 15:14,2026-07-02 15:56
PU-1011,2026-07-02,LED Light Bulbs 60W,55,cases,XPO,2026-07-02 15:30,2026-07-02 15:29,2026-07-02 16:05
PU-1012,2026-07-02,Garden Hoses 50ft,65,units,J.B. Hunt,2026-07-02 15:30,2026-07-02 16:04,2026-07-02 16:37
PU-1013,2026-07-06,Garden Hoses 50ft,81,units,Averitt Express,2026-07-06 07:00,2026-07-06 07:04,2026-07-06 07:57
PU-1014,2026-07-06,Garden Hoses 50ft,24,units,FedEx Freight,2026-07-06 07:30,2026-07-06 07:22,2026-07-06 07:47
PU-1015,2026-07-06,Breakfast Cereal 18oz,178,cases,XPO,2026-07-06 08:00,2026-07-06 09:09,2026-07-06 09:55
PU-1016,2026-07-06,Vinyl Gloves Box-100,359,cases,J.B. Hunt,2026-07-06 08:30,2026-07-06 08:38,2026-07-06 09:48
PU-1017,2026-07-06,Breakfast Cereal 18oz,298,cases,J.B. Hunt,2026-07-06 09:00,2026-07-06 09:44,2026-07-06 10:32
PU-1018,2026-07-06,LED Light Bulbs 60W,188,cases,Averitt Express,2026-07-06 10:00,2026-07-06 09:49,2026-07-06 10:52
PU-1019,2026-07-06,Garden Hoses 50ft,39,units,FedEx Freight,2026-07-06 10:00,2026-07-06 10:19,2026-07-06 10:58
PU-1020,2026-07-06,Garden Hoses 50ft,88,units,TForce Freight,2026-07-06 11:00,2026-07-06 11:01,2026-07-06 12:00
PU-1021,2026-07-06,Breakfast Cereal 18oz,104,cases,Schneider,2026-07-06 11:30,2026-07-06 11:07,2026-07-06 11:51
PU-1022,2026-07-06,LED Light Bulbs 60W,236,cases,Estes Express Lines,2026-07-06 15:30,2026-07-06 14:22,2026-07-06 15:14
PU-1023,2026-07-06,Breakfast Cereal 18oz,140,cases,UPS,2026-07-06 17:30,2026-07-06 17:45,2026-07-06 18:47
PU-1024,2026-07-07,Laundry Detergent 100oz,203,cases,Saia,2026-07-07 06:00,2026-07-07 06:29,2026-07-07 07:49
PU-1025,2026-07-07,Copy Paper 8.5x11,20,pallets,Old Dominion Freight Line,2026-07-07 07:00,2026-07-07 06:53,2026-07-07 08:36
PU-1026,2026-07-07,Office Chairs,113,units,Dayton Freight,2026-07-07 09:00,2026-07-07 10:04,2026-07-07 10:59
PU-1027,2026-07-07,Copy Paper 8.5x11,25,pallets,Werner Enterprises,2026-07-07 09:30,2026-07-07 09:27,2026-07-07 10:30
PU-1028,2026-07-07,Paper Towels 12-Roll,24,pallets,Dayton Freight,2026-07-07 11:00,2026-07-07 11:26,2026-07-07 12:43
PU-1029,2026-07-07,Dog Food 30lb Bags,22,pallets,FedEx Freight,2026-07-07 11:30,2026-07-07 11:40,2026-07-07 13:12
PU-1030,2026-07-07,Microwave Ovens 1.1cu ft,79,units,TForce Freight,2026-07-07 13:00,2026-07-07 12:23,2026-07-07 12:52
PU-1031,2026-07-07,Office Chairs,105,units,J.B. Hunt,2026-07-07 13:30,2026-07-07 13:25,2026-07-07 14:00
PU-1032,2026-07-07,Motor Oil 5qt,107,cases,FedEx Freight,2026-07-07 15:30,2026-07-07 16:53,2026-07-07 17:41
PU-1033,2026-07-07,Copy Paper 8.5x11,13,pallets,Dayton Freight,2026-07-07 15:30,2026-07-07 14:58,2026-07-07 15:25
PU-1034,2026-07-07,Microwave Ovens 1.1cu ft,91,units,Estes Express Lines,2026-07-07 16:00,2026-07-07 15:33,2026-07-07 16:33
PU-1035,2026-07-07,Canned Tomatoes 28oz,16,pallets,J.B. Hunt,2026-07-07 17:00,2026-07-07 16:56,2026-07-07 17:52
PU-1036,2026-07-08,Canned Tomatoes 28oz,14,pallets,Saia,2026-07-08 07:00,2026-07-08 07:00,2026-07-08 08:27
PU-1037,2026-07-08,Office Chairs,113,units,TForce Freight,2026-07-08 09:00,2026-07-08 09:19,2026-07-08 10:14
PU-1038,2026-07-08,Office Chairs,93,units,UPS,2026-07-08 10:00,2026-07-08 10:14,2026-07-08 11:00
PU-1039,2026-07-08,Paper Towels 12-Roll,6,pallets,ABF Freight,2026-07-08 10:00,2026-07-08 10:08,2026-07-08 10:38
PU-1040,2026-07-08,Paper Towels 12-Roll,11,pallets,Estes Express Lines,2026-07-08 11:00,2026-07-08 11:16,2026-07-08 11:50
PU-1041,2026-07-08,Office Chairs,36,units,TForce Freight,2026-07-08 14:00,2026-07-08 13:59,2026-07-08 14:36
PU-1042,2026-07-08,Office Chairs,44,units,J.B. Hunt,2026-07-08 14:30,2026-07-08 13:43,2026-07-08 14:31
PU-1043,2026-07-08,Canned Tomatoes 28oz,10,pallets,TForce Freight,2026-07-08 15:30,2026-07-08 15:28,2026-07-08 16:15
PU-1044,2026-07-09,Garden Hoses 50ft,12,units,FedEx Freight,2026-07-09 06:00,2026-07-09 05:54,2026-07-09 06:36
PU-1045,2026-07-09,Office Chairs,21,units,Old Dominion Freight Line,2026-07-09 07:00,2026-07-09 07:36,2026-07-09 08:01
PU-1046,2026-07-09,Paper Towels 12-Roll,6,pallets,ABF Freight,2026-07-09 08:30,2026-07-09 09:00,2026-07-09 09:47
PU-1047,2026-07-09,Motor Oil 5qt,302,cases,R+L Carriers,2026-07-09 09:00,2026-07-09 09:04,2026-07-09 10:24
PU-1048,2026-07-09,HVAC Air Filters 20x20,315,cases,TForce Freight,2026-07-09 11:00,2026-07-09 11:11,2026-07-09 12:35
PU-1049,2026-07-09,HVAC Air Filters 20x20,82,cases,J.B. Hunt,2026-07-09 12:00,2026-07-09 11:55,2026-07-09 12:57
PU-1050,2026-07-09,Dog Food 30lb Bags,11,pallets,Saia,2026-07-09 12:30,2026-07-09 12:37,2026-07-09 13:49
PU-1051,2026-07-09,HVAC Air Filters 20x20,132,cases,ABF Freight,2026-07-09 16:00,2026-07-09 15:50,2026-07-09 17:13
PU-1052,2026-07-09,Office Chairs,69,units,Averitt Express,2026-07-09 16:00,2026-07-09 16:16,2026-07-09 16:52
PU-1053,2026-07-09,Ceramic Floor Tile,16,pallets,ABF Freight,2026-07-09 16:30,2026-07-09 18:14,2026-07-09 19:18
PU-1054,2026-07-09,Breakfast Cereal 18oz,264,cases,Werner Enterprises,2026-07-09 17:30,2026-07-09 17:06,2026-07-09 18:17
PU-1055,2026-07-09,Office Chairs,87,units,Saia,2026-07-09 18:00,2026-07-09 18:13,2026-07-09 18:51
PU-1056,2026-07-10,HVAC Air Filters 20x20,109,cases,TForce Freight,2026-07-10 07:00,2026-07-10 08:34,2026-07-10 09:35
PU-1057,2026-07-10,Breakfast Cereal 18oz,216,cases,ABF Freight,2026-07-10 07:00,2026-07-10 07:20,2026-07-10 08:16
PU-1058,2026-07-10,Dog Food 30lb Bags,18,pallets,Schneider,2026-07-10 08:00,2026-07-10 08:27,2026-07-10 09:38
PU-1059,2026-07-10,Dog Food 30lb Bags,8,pallets,Schneider,2026-07-10 13:30,2026-07-10 12:43,2026-07-10 13:14
PU-1060,2026-07-10,Microwave Ovens 1.1cu ft,22,units,Knight-Swift,2026-07-10 15:00,2026-07-10 15:29,2026-07-10 16:12
PU-1061,2026-07-10,Dog Food 30lb Bags,23,pallets,TForce Freight,2026-07-10 15:30,2026-07-10 16:01,2026-07-10 17:31
PU-1062,2026-07-10,Office Chairs,86,units,Averitt Express,2026-07-10 16:00,2026-07-10 16:03,2026-07-10 17:11
PU-1063,2026-07-10,Bottled Water 24-Pack,71,cases,Knight-Swift,2026-07-10 16:30,2026-07-10 16:52,2026-07-10 17:18
PU-1064,2026-07-10,Garden Hoses 50ft,92,units,TForce Freight,2026-07-10 16:30,2026-07-10 16:24,2026-07-10 17:16
PU-1065,2026-07-10,Vinyl Gloves Box-100,56,cases,Werner Enterprises,2026-07-10 17:30,2026-07-10 17:08,2026-07-10 18:03
PU-1066,2026-07-10,Microwave Ovens 1.1cu ft,104,units,FedEx Freight,2026-07-10 18:00,2026-07-10 18:19,2026-07-10 19:11
PU-1067,2026-07-13,Office Chairs,36,units,Estes Express Lines,2026-07-13 08:00,2026-07-13 08:01,2026-07-13 08:39
PU-1068,2026-07-13,Microwave Ovens 1.1cu ft,97,units,ABF Freight,2026-07-13 10:00,2026-07-13 09:47,2026-07-13 10:53
PU-1069,2026-07-13,Office Chairs,99,units,XPO,2026-07-13 11:00,2026-07-13 10:43,2026-07-13 11:20
PU-1070,2026-07-13,Microwave Ovens 1.1cu ft,64,units,ABF Freight,2026-07-13 11:00,2026-07-13 11:30,2026-07-13 12:20
PU-1071,2026-07-13,Bottled Water 24-Pack,104,cases,FedEx Freight,2026-07-13 11:00,2026-07-13 11:27,2026-07-13 12:33
PU-1072,2026-07-13,Ceramic Floor Tile,11,pallets,ABF Freight,2026-07-13 11:30,2026-07-13 12:00,2026-07-13 12:59
PU-1073,2026-07-13,LED Light Bulbs 60W,185,cases,UPS,2026-07-13 15:30,2026-07-13 16:16,2026-07-13 17:12
PU-1074,2026-07-13,Microwave Ovens 1.1cu ft,34,units,Dayton Freight,2026-07-13 16:00,2026-07-13 17:39,2026-07-13 18:26
PU-1075,2026-07-13,Garden Hoses 50ft,102,units,J.B. Hunt,2026-07-13 16:00,2026-07-13 15:59,2026-07-13 16:50
PU-1076,2026-07-13,Garden Hoses 50ft,56,units,Schneider,2026-07-13 16:30,2026-07-13 16:42,2026-07-13 17:30
PU-1077,2026-07-13,Ceramic Floor Tile,16,pallets,Knight-Swift,2026-07-13 17:00,2026-07-13 17:18,2026-07-13 18:14
PU-1078,2026-07-13,HVAC Air Filters 20x20,139,cases,Averitt Express,2026-07-13 17:30,2026-07-13 17:23,2026-07-13 18:24
PU-1079,2026-07-14,HVAC Air Filters 20x20,263,cases,Dayton Freight,2026-07-14 08:00,2026-07-14 08:07,2026-07-14 09:05
PU-1080,2026-07-14,Breakfast Cereal 18oz,154,cases,J.B. Hunt,2026-07-14 09:00,2026-07-14 08:36,2026-07-14 09:39
PU-1081,2026-07-14,Dog Food 30lb Bags,12,pallets,Old Dominion Freight Line,2026-07-14 09:30,2026-07-14 09:20,2026-07-14 10:10
PU-1082,2026-07-14,Paper Towels 12-Roll,5,pallets,TForce Freight,2026-07-14 10:00,2026-07-14 09:53,2026-07-14 10:23
PU-1083,2026-07-14,Dog Food 30lb Bags,13,pallets,J.B. Hunt,2026-07-14 12:00,2026-07-14 14:12,2026-07-14 15:15
PU-1084,2026-07-14,Microwave Ovens 1.1cu ft,21,units,XPO,2026-07-14 13:00,2026-07-14 12:33,2026-07-14 13:12
PU-1085,2026-07-14,HVAC Air Filters 20x20,285,cases,Werner Enterprises,2026-07-14 13:30,2026-07-14 13:23,2026-07-14 14:52
PU-1086,2026-07-14,LED Light Bulbs 60W,95,cases,Knight-Swift,2026-07-14 13:30,2026-07-14 15:29,2026-07-14 16:15
PU-1087,2026-07-14,Dog Food 30lb Bags,8,pallets,Knight-Swift,2026-07-14 14:00,2026-07-14 14:02,2026-07-14 14:53
PU-1088,2026-07-14,Canned Tomatoes 28oz,10,pallets,XPO,2026-07-14 15:00,2026-07-14 15:50,2026-07-14 16:48
PU-1089,2026-07-14,Copy Paper 8.5x11,5,pallets,FedEx Freight,2026-07-14 16:30,2026-07-14 16:45,2026-07-14 17:10
PU-1090,2026-07-14,Copy Paper 8.5x11,22,pallets,ABF Freight,2026-07-14 18:00,2026-07-14 18:26,2026-07-14 19:38
PU-1091,2026-07-15,Office Chairs,91,units,Saia,2026-07-15 07:00,2026-07-15 06:57,2026-07-15 07:44
PU-1092,2026-07-15,Laundry Detergent 100oz,173,cases,Saia,2026-07-15 11:00,2026-07-15 10:51,2026-07-15 11:48
PU-1093,2026-07-15,Garden Hoses 50ft,25,units,J.B. Hunt,2026-07-15 12:30,2026-07-15 12:22,2026-07-15 13:02
PU-1094,2026-07-15,Microwave Ovens 1.1cu ft,64,units,Knight-Swift,2026-07-15 12:30,2026-07-15 14:08,2026-07-15 15:10
PU-1095,2026-07-15,Motor Oil 5qt,272,cases,Estes Express Lines,2026-07-15 13:00,2026-07-15 13:28,2026-07-15 14:22
PU-1096,2026-07-15,Paper Towels 12-Roll,2,pallets,UPS,2026-07-15 13:00,2026-07-15 13:03,2026-07-15 13:28
PU-1097,2026-07-15,Laundry Detergent 100oz,182,cases,Averitt Express,2026-07-15 13:30,2026-07-15 15:43,2026-07-15 16:48
PU-1098,2026-07-15,Microwave Ovens 1.1cu ft,76,units,Dayton Freight,2026-07-15 15:00,2026-07-15 14:59,2026-07-15 15:40
PU-1099,2026-07-15,Vinyl Gloves Box-100,162,cases,Estes Express Lines,2026-07-15 17:00,2026-07-15 17:10,2026-07-15 18:17
PU-1100,2026-07-15,Breakfast Cereal 18oz,392,cases,Old Dominion Freight Line,2026-07-15 18:00,2026-07-15 18:16,2026-07-15 19:54
PU-1101,2026-07-15,Bottled Water 24-Pack,304,cases,ABF Freight,2026-07-15 18:00,2026-07-15 17:57,2026-07-15 18:57
PU-1102,2026-07-16,Microwave Ovens 1.1cu ft,85,units,ABF Freight,2026-07-16 08:00,2026-07-16 07:20,2026-07-16 08:02
PU-1103,2026-07-16,Copy Paper 8.5x11,11,pallets,UPS,2026-07-16 11:00,2026-07-16 10:14,2026-07-16 11:01
PU-1104,2026-07-16,Garden Hoses 50ft,95,units,FedEx Freight,2026-07-16 11:00,2026-07-16 10:39,2026-07-16 11:13
PU-1105,2026-07-16,Dog Food 30lb Bags,11,pallets,J.B. Hunt,2026-07-16 11:30,2026-07-16 11:52,2026-07-16 13:15
PU-1106,2026-07-16,Garden Hoses 50ft,62,units,Schneider,2026-07-16 12:00,2026-07-16 12:04,2026-07-16 12:29
PU-1107,2026-07-16,Paper Towels 12-Roll,6,pallets,XPO,2026-07-16 12:30,2026-07-16 12:23,2026-07-16 12:50
PU-1108,2026-07-16,Bottled Water 24-Pack,199,cases,Knight-Swift,2026-07-16 13:30,2026-07-16 13:59,2026-07-16 15:22
PU-1109,2026-07-16,Vinyl Gloves Box-100,263,cases,R+L Carriers,2026-07-16 15:00,2026-07-16 15:15,2026-07-16 16:21
PU-1110,2026-07-16,Copy Paper 8.5x11,14,pallets,Estes Express Lines,2026-07-16 16:00,2026-07-16 15:16,2026-07-16 16:07
PU-1111,2026-07-16,LED Light Bulbs 60W,248,cases,TForce Freight,2026-07-16 16:30,2026-07-16 16:27,2026-07-16 17:50
PU-1112,2026-07-17,Office Chairs,81,units,UPS,2026-07-17 06:00,2026-07-17 06:27,2026-07-17 07:08
PU-1113,2026-07-17,Breakfast Cereal 18oz,194,cases,Knight-Swift,2026-07-17 06:30,2026-07-17 08:10,2026-07-17 09:18
PU-1114,2026-07-17,Bottled Water 24-Pack,350,cases,FedEx Freight,2026-07-17 07:00,2026-07-17 06:58,2026-07-17 07:44
PU-1115,2026-07-17,Garden Hoses 50ft,106,units,TForce Freight,2026-07-17 08:00,2026-07-17 08:24,2026-07-17 09:10
PU-1116,2026-07-17,Dog Food 30lb Bags,8,pallets,J.B. Hunt,2026-07-17 08:00,2026-07-17 07:34,2026-07-17 08:07
PU-1117,2026-07-17,Dog Food 30lb Bags,6,pallets,FedEx Freight,2026-07-17 09:00,2026-07-17 08:58,2026-07-17 09:26
PU-1118,2026-07-17,HVAC Air Filters 20x20,177,cases,Estes Express Lines,2026-07-17 09:30,2026-07-17 09:30,2026-07-17 10:41
PU-1119,2026-07-17,Office Chairs,45,units,Knight-Swift,2026-07-17 12:00,2026-07-17 11:57,2026-07-17 12:22
PU-1120,2026-07-17,Microwave Ovens 1.1cu ft,42,units,Knight-Swift,2026-07-17 18:00,2026-07-17 17:54,2026-07-17 18:21
PU-1121,2026-07-20,LED Light Bulbs 60W,220,cases,UPS,2026-07-20 07:00,2026-07-20 06:57,2026-07-20 07:43
PU-1122,2026-07-20,Paper Towels 12-Roll,10,pallets,Estes Express Lines,2026-07-20 08:30,2026-07-20 08:43,2026-07-20 09:21
PU-1123,2026-07-20,Garden Hoses 50ft,15,units,Schneider,2026-07-20 11:00,2026-07-20 11:10,2026-07-20 11:44
PU-1124,2026-07-20,Ceramic Floor Tile,10,pallets,XPO,2026-07-20 11:00,2026-07-20 13:16,2026-07-20 14:05
PU-1125,2026-07-20,Office Chairs,59,units,TForce Freight,2026-07-20 14:00,2026-07-20 14:05,2026-07-20 14:43
PU-1126,2026-07-20,Bottled Water 24-Pack,176,cases,ABF Freight,2026-07-20 14:30,2026-07-20 14:37,2026-07-20 15:30
PU-1127,2026-07-20,Ceramic Floor Tile,13,pallets,ABF Freight,2026-07-20 15:30,2026-07-20 15:38,2026-07-20 16:21
PU-1128,2026-07-20,Laundry Detergent 100oz,57,cases,ABF Freight,2026-07-20 16:30,2026-07-20 17:45,2026-07-20 18:30
PU-1129,2026-07-21,Paper Towels 12-Roll,19,pallets,ABF Freight,2026-07-21 06:00,2026-07-21 05:53,2026-07-21 07:15
PU-1130,2026-07-21,Breakfast Cereal 18oz,187,cases,Knight-Swift,2026-07-21 07:30,2026-07-21 07:10,2026-07-21 08:18
PU-1131,2026-07-21,Dog Food 30lb Bags,15,pallets,XPO,2026-07-21 08:00,2026-07-21 07:56,2026-07-21 09:08
PU-1132,2026-07-21,Dog Food 30lb Bags,8,pallets,FedEx Freight,2026-07-21 08:30,2026-07-21 08:58,2026-07-21 09:50
PU-1133,2026-07-21,Laundry Detergent 100oz,369,cases,ABF Freight,2026-07-21 13:30,2026-07-21 13:25,2026-07-21 15:10
PU-1134,2026-07-21,Microwave Ovens 1.1cu ft,52,units,FedEx Freight,2026-07-21 14:00,2026-07-21 13:56,2026-07-21 14:21
PU-1135,2026-07-21,Vinyl Gloves Box-100,285,cases,FedEx Freight,2026-07-21 14:30,2026-07-21 14:30,2026-07-21 15:43
PU-1136,2026-07-21,Paper Towels 12-Roll,12,pallets,Estes Express Lines,2026-07-21 15:30,2026-07-21 15:30,2026-07-21 16:02
PU-1137,2026-07-21,Office Chairs,44,units,XPO,2026-07-21 15:30,2026-07-21 16:37,2026-07-21 17:13
PU-1138,2026-07-21,Garden Hoses 50ft,93,units,UPS,2026-07-21 15:30,2026-07-21 15:38,2026-07-21 16:22
PU-1139,2026-07-21,LED Light Bulbs 60W,56,cases,FedEx Freight,2026-07-21 16:00,2026-07-21 15:40,2026-07-21 16:25
PU-1140,2026-07-21,Garden Hoses 50ft,68,units,Estes Express Lines,2026-07-21 16:00,2026-07-21 16:27,2026-07-21 17:16
PU-1141,2026-07-22,Copy Paper 8.5x11,13,pallets,Estes Express Lines,2026-07-22 06:30,2026-07-22 06:47,2026-07-22 07:35
PU-1142,2026-07-22,Canned Tomatoes 28oz,8,pallets,Averitt Express,2026-07-22 07:00,2026-07-22 06:44,2026-07-22 07:29
PU-1143,2026-07-22,Copy Paper 8.5x11,25,pallets,FedEx Freight,2026-07-22 07:00,2026-07-22 07:10,2026-07-22 09:10
PU-1144,2026-07-22,Paper Towels 12-Roll,12,pallets,UPS,2026-07-22 07:30,2026-07-22 07:05,2026-07-22 07:45
PU-1145,2026-07-22,Dog Food 30lb Bags,14,pallets,Dayton Freight,2026-07-22 09:30,2026-07-22 08:41,2026-07-22 09:46
PU-1146,2026-07-22,Dog Food 30lb Bags,4,pallets,ABF Freight,2026-07-22 11:00,2026-07-22 10:55,2026-07-22 11:40
PU-1147,2026-07-22,Dog Food 30lb Bags,19,pallets,Knight-Swift,2026-07-22 13:00,2026-07-22 13:11,2026-07-22 14:08
PU-1148,2026-07-22,Laundry Detergent 100oz,34,cases,Estes Express Lines,2026-07-22 13:30,2026-07-22 13:21,2026-07-22 13:48
PU-1149,2026-07-22,Dog Food 30lb Bags,6,pallets,UPS,2026-07-22 13:30,2026-07-22 13:29,2026-07-22 14:02
PU-1150,2026-07-22,Copy Paper 8.5x11,5,pallets,TForce Freight,2026-07-22 14:00,2026-07-22 13:45,2026-07-22 14:54
PU-1151,2026-07-22,Bottled Water 24-Pack,342,cases,Averitt Express,2026-07-22 15:00,2026-07-22 15:38,2026-07-22 16:59
PU-1152,2026-07-22,Paper Towels 12-Roll,9,pallets,J.B. Hunt,2026-07-22 15:30,2026-07-22 15:35,2026-07-22 16:30
PU-1153,2026-07-23,Copy Paper 8.5x11,20,pallets,Estes Express Lines,2026-07-23 06:00,2026-07-23 05:47,2026-07-23 07:01
PU-1154,2026-07-23,Canned Tomatoes 28oz,26,pallets,TForce Freight,2026-07-23 06:30,2026-07-23 06:34,2026-07-23 07:47
PU-1155,2026-07-23,Paper Towels 12-Roll,1,pallets,Knight-Swift,2026-07-23 07:30,2026-07-23 07:30,2026-07-23 07:55
PU-1156,2026-07-23,Microwave Ovens 1.1cu ft,28,units,Dayton Freight,2026-07-23 09:00,2026-07-23 08:45,2026-07-23 09:15
PU-1157,2026-07-23,Vinyl Gloves Box-100,390,cases,ABF Freight,2026-07-23 16:00,2026-07-23 16:06,2026-07-23 17:48
PU-1158,2026-07-23,HVAC Air Filters 20x20,372,cases,TForce Freight,2026-07-23 17:00,2026-07-23 17:02,2026-07-23 18:18
PU-1159,2026-07-23,Bottled Water 24-Pack,305,cases,FedEx Freight,2026-07-23 17:30,2026-07-23 18:14,2026-07-23 19:38
PU-1160,2026-07-23,Dog Food 30lb Bags,12,pallets,TForce Freight,2026-07-23 17:30,2026-07-23 17:33,2026-07-23 18:12
PU-1161,2026-07-24,Breakfast Cereal 18oz,249,cases,ABF Freight,2026-07-24 08:30,2026-07-24 08:43,2026-07-24 09:30
PU-1162,2026-07-24,Microwave Ovens 1.1cu ft,36,units,FedEx Freight,2026-07-24 10:00,2026-07-24 09:45,2026-07-24 10:53
PU-1163,2026-07-24,HVAC Air Filters 20x20,60,cases,Averitt Express,2026-07-24 11:30,2026-07-24 11:34,2026-07-24 12:04
PU-1164,2026-07-24,Bottled Water 24-Pack,371,cases,Estes Express Lines,2026-07-24 12:30,2026-07-24 14:03,2026-07-24 15:21
PU-1165,2026-07-24,Copy Paper 8.5x11,12,pallets,XPO,2026-07-24 13:30,2026-07-24 12:29,2026-07-24 13:12
PU-1166,2026-07-24,Bottled Water 24-Pack,183,cases,Schneider,2026-07-24 15:30,2026-07-24 15:31,2026-07-24 16:29
PU-1167,2026-07-24,Breakfast Cereal 18oz,353,cases,Werner Enterprises,2026-07-24 15:30,2026-07-24 14:22,2026-07-24 16:19
PU-1168,2026-07-24,Laundry Detergent 100oz,115,cases,J.B. Hunt,2026-07-24 16:30,2026-07-24 16:21,2026-07-24 17:14
PU-1169,2026-07-24,Dog Food 30lb Bags,24,pallets,XPO,2026-07-24 17:30,2026-07-24 18:07,2026-07-24 19:06
PU-1170,2026-07-27,Dog Food 30lb Bags,21,pallets,J.B. Hunt,2026-07-27 08:30,2026-07-27 08:29,2026-07-27 09:42
PU-1171,2026-07-27,Motor Oil 5qt,388,cases,Dayton Freight,2026-07-27 10:00,2026-07-27 09:58,2026-07-27 11:36
PU-1172,2026-07-27,Bottled Water 24-Pack,73,cases,FedEx Freight,2026-07-27 16:00,2026-07-27 16:20,2026-07-27 17:17
PU-1173,2026-07-27,Paper Towels 12-Roll,20,pallets,ABF Freight,2026-07-27 16:00,2026-07-27 15:48,2026-07-27 17:12
PU-1174,2026-07-27,Ceramic Floor Tile,24,pallets,Dayton Freight,2026-07-27 16:00,2026-07-27 16:05,2026-07-27 17:35
PU-1175,2026-07-27,Paper Towels 12-Roll,6,pallets,Dayton Freight,2026-07-27 16:30,2026-07-27 16:30,2026-07-27 17:28
PU-1176,2026-07-27,Bottled Water 24-Pack,97,cases,Schneider,2026-07-27 17:00,2026-07-27 18:44,2026-07-27 19:47
PU-1177,2026-07-27,Motor Oil 5qt,56,cases,J.B. Hunt,2026-07-27 18:00,2026-07-27 17:42,2026-07-27 18:07
PU-1178,2026-07-28,Ceramic Floor Tile,16,pallets,Old Dominion Freight Line,2026-07-28 07:00,2026-07-28 06:53,2026-07-28 08:05
PU-1179,2026-07-28,LED Light Bulbs 60W,201,cases,FedEx Freight,2026-07-28 08:00,2026-07-28 08:00,2026-07-28 09:32
PU-1180,2026-07-28,Laundry Detergent 100oz,248,cases,Estes Express Lines,2026-07-28 09:00,2026-07-28 08:42,2026-07-28 09:49
PU-1181,2026-07-28,Garden Hoses 50ft,89,units,FedEx Freight,2026-07-28 11:00,2026-07-28 11:09,2026-07-28 11:58
PU-1182,2026-07-28,Vinyl Gloves Box-100,310,cases,J.B. Hunt,2026-07-28 11:30,2026-07-28 11:29,2026-07-28 12:44
PU-1183,2026-07-28,Canned Tomatoes 28oz,3,pallets,UPS,2026-07-28 13:00,2026-07-28 12:59,2026-07-28 13:28
PU-1184,2026-07-28,HVAC Air Filters 20x20,376,cases,R+L Carriers,2026-07-28 15:30,2026-07-28 15:30,2026-07-28 17:26
PU-1185,2026-07-28,Breakfast Cereal 18oz,342,cases,UPS,2026-07-28 15:30,2026-07-28 15:57,2026-07-28 16:54
PU-1186,2026-07-28,Paper Towels 12-Roll,16,pallets,Old Dominion Freight Line,2026-07-28 16:00,2026-07-28 15:00,2026-07-28 15:37
PU-1187,2026-07-28,Microwave Ovens 1.1cu ft,39,units,UPS,2026-07-28 17:30,2026-07-28 17:35,2026-07-28 18:21
PU-1188,2026-07-28,Microwave Ovens 1.1cu ft,68,units,XPO,2026-07-28 17:30,2026-07-28 18:00,2026-07-28 18:50
PU-1189,2026-07-28,Garden Hoses 50ft,10,units,XPO,2026-07-28 18:00,2026-07-28 18:27,2026-07-28 19:14
PU-1190,2026-07-29,Copy Paper 8.5x11,1,pallets,Averitt Express,2026-07-29 06:00,2026-07-29 05:57,2026-07-29 06:45
PU-1191,2026-07-29,Vinyl Gloves Box-100,250,cases,UPS,2026-07-29 07:30,2026-07-29 07:02,2026-07-29 08:14
PU-1192,2026-07-29,Vinyl Gloves Box-100,388,cases,Averitt Express,2026-07-29 09:00,2026-07-29 09:13,2026-07-29 10:52
PU-1193,2026-07-29,LED Light Bulbs 60W,67,cases,Knight-Swift,2026-07-29 09:00,2026-07-29 09:01,2026-07-29 09:38
PU-1194,2026-07-29,Paper Towels 12-Roll,22,pallets,Werner Enterprises,2026-07-29 11:30,2026-07-29 11:26,2026-07-29 13:08
PU-1195,2026-07-29,Breakfast Cereal 18oz,252,cases,TForce Freight,2026-07-29 14:30,2026-07-29 14:35,2026-07-29 15:26
PU-1196,2026-07-29,Bottled Water 24-Pack,176,cases,Estes Express Lines,2026-07-29 15:30,2026-07-29 15:24,2026-07-29 16:21
PU-1197,2026-07-29,Dog Food 30lb Bags,21,pallets,Saia,2026-07-29 16:00,2026-07-29 16:04,2026-07-29 17:18
PU-1198,2026-07-29,Motor Oil 5qt,179,cases,Schneider,2026-07-29 16:30,2026-07-29 16:27,2026-07-29 17:39
PU-1199,2026-07-29,Microwave Ovens 1.1cu ft,63,units,Knight-Swift,2026-07-29 16:30,2026-07-29 16:54,2026-07-29 17:38
PU-1200,2026-07-29,Microwave Ovens 1.1cu ft,15,units,ABF Freight,2026-07-29 17:00,2026-07-29 17:03,2026-07-29 17:45
PU-1201,2026-07-30,Bottled Water 24-Pack,133,cases,FedEx Freight,2026-07-30 08:30,2026-07-30 08:43,2026-07-30 09:42
PU-1202,2026-07-30,Dog Food 30lb Bags,19,pallets,Schneider,2026-07-30 09:30,2026-07-30 09:37,2026-07-30 11:05
PU-1203,2026-07-30,Motor Oil 5qt,95,cases,FedEx Freight,2026-07-30 11:00,2026-07-30 11:31,2026-07-30 12:41
PU-1204,2026-07-30,Dog Food 30lb Bags,24,pallets,XPO,2026-07-30 13:00,2026-07-30 12:58,2026-07-30 14:27
PU-1205,2026-07-30,Garden Hoses 50ft,65,units,Dayton Freight,2026-07-30 13:30,2026-07-30 13:37,2026-07-30 14:35
PU-1206,2026-07-30,Vinyl Gloves Box-100,41,cases,XPO,2026-07-30 16:30,2026-07-30 16:27,2026-07-30 16:52
PU-1207,2026-07-30,Canned Tomatoes 28oz,24,pallets,Old Dominion Freight Line,2026-07-30 17:30,2026-07-30 19:16,2026-07-30 20:42
PU-1208,2026-07-30,Vinyl Gloves Box-100,111,cases,J.B. Hunt,2026-07-30 17:30,2026-07-30 16:55,2026-07-30 18:26
PU-1209,2026-07-31,Motor Oil 5qt,147,cases,Old Dominion Freight Line,2026-07-31 07:30,2026-07-31 07:34,2026-07-31 08:15
PU-1210,2026-07-31,Microwave Ovens 1.1cu ft,102,units,Averitt Express,2026-07-31 09:30,2026-07-31 09:20,2026-07-31 10:10
PU-1211,2026-07-31,HVAC Air Filters 20x20,211,cases,FedEx Freight,2026-07-31 10:30,2026-07-31 10:47,2026-07-31 12:00
PU-1212,2026-07-31,Paper Towels 12-Roll,13,pallets,Averitt Express,2026-07-31 11:00,2026-07-31 10:55,2026-07-31 11:22
PU-1213,2026-07-31,Copy Paper 8.5x11,6,pallets,ABF Freight,2026-07-31 14:30,2026-07-31 14:43,2026-07-31 15:16
PU-1214,2026-07-31,Canned Tomatoes 28oz,7,pallets,Dayton Freight,2026-07-31 14:30,2026-07-31 14:28,2026-07-31 15:13
PU-1215,2026-07-31,Vinyl Gloves Box-100,253,cases,Old Dominion Freight Line,2026-07-31 15:00,2026-07-31 15:08,2026-07-31 16:21
PU-1216,2026-07-31,Canned Tomatoes 28oz,13,pallets,TForce Freight,2026-07-31 15:30,2026-07-31 17:23,2026-07-31 18:15
PU-1217,2026-07-31,Canned Tomatoes 28oz,16,pallets,XPO,2026-07-31 15:30,2026-07-31 15:20,2026-07-31 16:25
PU-1218,2026-07-31,Vinyl Gloves Box-100,259,cases,J.B. Hunt,2026-07-31 17:30,2026-07-31 17:40,2026-07-31 18:42
PU-1219,2026-08-03,Copy Paper 8.5x11,19,pallets,TForce Freight,2026-08-03 06:00,2026-08-03 07:37,2026-08-03 09:05
PU-1220,2026-08-03,HVAC Air Filters 20x20,310,cases,J.B. Hunt,2026-08-03 07:30,2026-08-03 07:17,2026-08-03 08:27
PU-1221,2026-08-03,Garden Hoses 50ft,13,units,XPO,2026-08-03 09:00,2026-08-03 08:46,2026-08-03 09:26
PU-1222,2026-08-03,Microwave Ovens 1.1cu ft,117,units,XPO,2026-08-03 09:30,2026-08-03 09:51,2026-08-03 10:38
PU-1223,2026-08-03,HVAC Air Filters 20x20,21,cases,XPO,2026-08-03 11:00,2026-08-03 10:08,2026-08-03 10:58
PU-1224,2026-08-03,Breakfast Cereal 18oz,347,cases,FedEx Freight,2026-08-03 11:00,2026-08-03 11:52,2026-08-03 13:43
PU-1225,2026-08-03,Microwave Ovens 1.1cu ft,30,units,Schneider,2026-08-03 11:30,2026-08-03 12:25,2026-08-03 13:11
PU-1226,2026-08-03,Garden Hoses 50ft,11,units,R+L Carriers,2026-08-03 13:00,2026-08-03 12:14,2026-08-03 12:39
PU-1227,2026-08-03,LED Light Bulbs 60W,270,cases,Werner Enterprises,2026-08-03 13:00,2026-08-03 14:50,2026-08-03 16:13
PU-1228,2026-08-03,Breakfast Cereal 18oz,365,cases,Saia,2026-08-03 14:30,2026-08-03 14:25,2026-08-03 15:40
PU-1229,2026-08-03,Laundry Detergent 100oz,278,cases,TForce Freight,2026-08-03 17:30,2026-08-03 17:26,2026-08-03 18:28
PU-1230,2026-08-04,Ceramic Floor Tile,16,pallets,FedEx Freight,2026-08-04 09:30,2026-08-04 09:28,2026-08-04 10:33
PU-1231,2026-08-04,Office Chairs,83,units,R+L Carriers,2026-08-04 10:00,2026-08-04 10:08,2026-08-04 11:00
PU-1232,2026-08-04,Breakfast Cereal 18oz,175,cases,Schneider,2026-08-04 11:00,2026-08-04 10:40,2026-08-04 11:32
PU-1233,2026-08-04,Copy Paper 8.5x11,6,pallets,TForce Freight,2026-08-04 12:30,2026-08-04 12:50,2026-08-04 13:41
PU-1234,2026-08-04,Dog Food 30lb Bags,1,pallets,ABF Freight,2026-08-04 15:30,2026-08-04 15:44,2026-08-04 16:09
PU-1235,2026-08-04,Microwave Ovens 1.1cu ft,116,units,Werner Enterprises,2026-08-04 16:30,2026-08-04 16:26,2026-08-04 16:55
PU-1236,2026-08-04,Dog Food 30lb Bags,9,pallets,Averitt Express,2026-08-04 16:30,2026-08-04 16:00,2026-08-04 16:55
PU-1237,2026-08-04,Garden Hoses 50ft,7,units,ABF Freight,2026-08-04 17:00,2026-08-04 17:10,2026-08-04 18:21
PU-1238,2026-08-05,Paper Towels 12-Roll,25,pallets,UPS,2026-08-05 09:00,2026-08-05 08:55,2026-08-05 10:16
PU-1239,2026-08-05,Canned Tomatoes 28oz,3,pallets,FedEx Freight,2026-08-05 11:00,2026-08-05 12:40,2026-08-05 13:16
PU-1240,2026-08-05,Copy Paper 8.5x11,1,pallets,UPS,2026-08-05 13:00,2026-08-05 12:51,2026-08-05 13:16
PU-1241,2026-08-05,HVAC Air Filters 20x20,395,cases,FedEx Freight,2026-08-05 13:00,2026-08-05 13:13,2026-08-05 14:13
PU-1242,2026-08-05,Motor Oil 5qt,166,cases,Werner Enterprises,2026-08-05 13:30,2026-08-05 13:20,2026-08-05 14:12
PU-1243,2026-08-05,Bottled Water 24-Pack,107,cases,FedEx Freight,2026-08-05 15:30,2026-08-05 14:47,2026-08-05 15:40
PU-1244,2026-08-05,LED Light Bulbs 60W,62,cases,TForce Freight,2026-08-05 15:30,2026-08-05 15:12,2026-08-05 15:50
PU-1245,2026-08-05,Paper Towels 12-Roll,22,pallets,TForce Freight,2026-08-05 16:30,2026-08-05 16:03,2026-08-05 17:01
PU-1246,2026-08-06,Microwave Ovens 1.1cu ft,105,units,Knight-Swift,2026-08-06 06:30,2026-08-06 06:36,2026-08-06 07:26
PU-1247,2026-08-06,LED Light Bulbs 60W,23,cases,Averitt Express,2026-08-06 08:30,2026-08-06 07:52,2026-08-06 08:17
PU-1248,2026-08-06,Paper Towels 12-Roll,7,pallets,XPO,2026-08-06 09:00,2026-08-06 08:38,2026-08-06 09:35
PU-1249,2026-08-06,Dog Food 30lb Bags,14,pallets,J.B. Hunt,2026-08-06 10:00,2026-08-06 09:56,2026-08-06 10:59
PU-1250,2026-08-06,Laundry Detergent 100oz,370,cases,Schneider,2026-08-06 10:00,2026-08-06 10:21,2026-08-06 11:30
PU-1251,2026-08-06,Microwave Ovens 1.1cu ft,22,units,ABF Freight,2026-08-06 12:00,2026-08-06 12:05,2026-08-06 12:52
PU-1252,2026-08-06,Motor Oil 5qt,141,cases,Dayton Freight,2026-08-06 12:00,2026-08-06 11:27,2026-08-06 12:21
PU-1253,2026-08-06,Ceramic Floor Tile,5,pallets,J.B. Hunt,2026-08-06 15:00,2026-08-06 15:20,2026-08-06 16:06
PU-1254,2026-08-06,Ceramic Floor Tile,4,pallets,Schneider,2026-08-06 17:30,2026-08-06 17:32,2026-08-06 18:20
PU-1255,2026-08-07,LED Light Bulbs 60W,238,cases,Averitt Express,2026-08-07 06:00,2026-08-07 07:12,2026-08-07 08:20
PU-1256,2026-08-07,Dog Food 30lb Bags,19,pallets,Old Dominion Freight Line,2026-08-07 06:00,2026-08-07 06:06,2026-08-07 06:49
PU-1257,2026-08-07,Copy Paper 8.5x11,1,pallets,Old Dominion Freight Line,2026-08-07 07:30,2026-08-07 07:42,2026-08-07 08:07
PU-1258,2026-08-07,Dog Food 30lb Bags,5,pallets,Schneider,2026-08-07 09:00,2026-08-07 09:04,2026-08-07 10:05
PU-1259,2026-08-07,Canned Tomatoes 28oz,20,pallets,Knight-Swift,2026-08-07 10:30,2026-08-07 10:32,2026-08-07 11:22
PU-1260,2026-08-07,HVAC Air Filters 20x20,156,cases,TForce Freight,2026-08-07 12:00,2026-08-07 11:53,2026-08-07 12:49
PU-1261,2026-08-07,Copy Paper 8.5x11,18,pallets,TForce Freight,2026-08-07 12:30,2026-08-07 13:12,2026-08-07 14:33
PU-1262,2026-08-07,Garden Hoses 50ft,104,units,UPS,2026-08-07 13:00,2026-08-07 12:35,2026-08-07 13:27
PU-1263,2026-08-07,Garden Hoses 50ft,79,units,R+L Carriers,2026-08-07 13:00,2026-08-07 13:14,2026-08-07 14:07
PU-1264,2026-08-07,HVAC Air Filters 20x20,237,cases,FedEx Freight,2026-08-07 17:30,2026-08-07 18:07,2026-08-07 19:09
PU-1265,2026-08-07,Paper Towels 12-Roll,3,pallets,Old Dominion Freight Line,2026-08-07 18:00,2026-08-07 17:56,2026-08-07 18:38
PU-1266,2026-08-07,Laundry Detergent 100oz,326,cases,Knight-Swift,2026-08-07 18:00,2026-08-07 19:37,2026-08-07 21:40
PU-1267,2026-08-10,LED Light Bulbs 60W,94,cases,R+L Carriers,2026-08-10 06:00,2026-08-10 06:00,2026-08-10 06:52
PU-1268,2026-08-10,Office Chairs,10,units,R+L Carriers,2026-08-10 10:30,2026-08-10 12:18,2026-08-10 12:53
PU-1269,2026-08-10,Laundry Detergent 100oz,242,cases,Averitt Express,2026-08-10 11:00,2026-08-10 11:09,2026-08-10 12:05
PU-1270,2026-08-10,Bottled Water 24-Pack,198,cases,FedEx Freight,2026-08-10 11:30,2026-08-10 10:49,2026-08-10 12:02
PU-1271,2026-08-10,Laundry Detergent 100oz,268,cases,Knight-Swift,2026-08-10 12:00,2026-08-10 12:00,2026-08-10 13:06
PU-1272,2026-08-10,Paper Towels 12-Roll,8,pallets,Averitt Express,2026-08-10 13:00,2026-08-10 13:37,2026-08-10 14:11
PU-1273,2026-08-10,HVAC Air Filters 20x20,244,cases,XPO,2026-08-10 13:00,2026-08-10 13:14,2026-08-10 13:47
PU-1274,2026-08-10,Vinyl Gloves Box-100,342,cases,Werner Enterprises,2026-08-10 13:00,2026-08-10 12:56,2026-08-10 14:07
PU-1275,2026-08-10,Motor Oil 5qt,60,cases,Dayton Freight,2026-08-10 13:30,2026-08-10 13:20,2026-08-10 13:45
PU-1276,2026-08-10,Vinyl Gloves Box-100,174,cases,XPO,2026-08-10 17:30,2026-08-10 17:49,2026-08-10 19:25
PU-1277,2026-08-11,Bottled Water 24-Pack,191,cases,Estes Express Lines,2026-08-11 07:00,2026-08-11 07:13,2026-08-11 08:06
PU-1278,2026-08-11,Laundry Detergent 100oz,223,cases,TForce Freight,2026-08-11 08:00,2026-08-11 07:38,2026-08-11 08:25
PU-1279,2026-08-11,LED Light Bulbs 60W,358,cases,Old Dominion Freight Line,2026-08-11 08:00,2026-08-11 08:22,2026-08-11 09:54
PU-1280,2026-08-11,Breakfast Cereal 18oz,334,cases,FedEx Freight,2026-08-11 08:30,2026-08-11 08:30,2026-08-11 10:22
PU-1281,2026-08-11,Vinyl Gloves Box-100,383,cases,Estes Express Lines,2026-08-11 09:00,2026-08-11 08:47,2026-08-11 10:22
PU-1282,2026-08-11,Copy Paper 8.5x11,10,pallets,XPO,2026-08-11 10:30,2026-08-11 10:55,2026-08-11 12:06
PU-1283,2026-08-11,Canned Tomatoes 28oz,26,pallets,FedEx Freight,2026-08-11 11:00,2026-08-11 11:04,2026-08-11 12:41
PU-1284,2026-08-11,Vinyl Gloves Box-100,302,cases,R+L Carriers,2026-08-11 13:30,2026-08-11 13:35,2026-08-11 14:38
PU-1285,2026-08-11,Paper Towels 12-Roll,25,pallets,R+L Carriers,2026-08-11 14:00,2026-08-11 14:26,2026-08-11 15:55
PU-1286,2026-08-11,Vinyl Gloves Box-100,100,cases,Saia,2026-08-11 15:00,2026-08-11 14:59,2026-08-11 15:24
PU-1287,2026-08-11,Garden Hoses 50ft,37,units,ABF Freight,2026-08-11 16:30,2026-08-11 16:41,2026-08-11 17:15
PU-1288,2026-08-11,Breakfast Cereal 18oz,260,cases,TForce Freight,2026-08-11 17:00,2026-08-11 18:10,2026-08-11 19:02
PU-1289,2026-08-12,Copy Paper 8.5x11,3,pallets,Knight-Swift,2026-08-12 06:30,2026-08-12 08:02,2026-08-12 08:46
PU-1290,2026-08-12,Bottled Water 24-Pack,304,cases,Werner Enterprises,2026-08-12 09:30,2026-08-12 10:47,2026-08-12 12:22
PU-1291,2026-08-12,Paper Towels 12-Roll,10,pallets,UPS,2026-08-12 10:00,2026-08-12 10:15,2026-08-12 11:11
PU-1292,2026-08-12,Copy Paper 8.5x11,19,pallets,Schneider,2026-08-12 11:30,2026-08-12 12:53,2026-08-12 13:57
PU-1293,2026-08-12,Microwave Ovens 1.1cu ft,44,units,Knight-Swift,2026-08-12 11:30,2026-08-12 11:30,2026-08-12 12:19
PU-1294,2026-08-12,Microwave Ovens 1.1cu ft,20,units,J.B. Hunt,2026-08-12 12:30,2026-08-12 12:34,2026-08-12 13:33
PU-1295,2026-08-12,Copy Paper 8.5x11,21,pallets,UPS,2026-08-12 12:30,2026-08-12 12:18,2026-08-12 13:16
PU-1296,2026-08-12,Vinyl Gloves Box-100,311,cases,Estes Express Lines,2026-08-12 13:00,2026-08-12 13:04,2026-08-12 14:39
PU-1297,2026-08-12,HVAC Air Filters 20x20,226,cases,Schneider,2026-08-12 13:30,2026-08-12 15:15,2026-08-12 16:24
PU-1298,2026-08-12,Canned Tomatoes 28oz,17,pallets,Old Dominion Freight Line,2026-08-12 14:00,2026-08-12 15:01,2026-08-12 15:55
PU-1299,2026-08-12,Dog Food 30lb Bags,1,pallets,Schneider,2026-08-12 14:00,2026-08-12 15:11,2026-08-12 15:39
PU-1300,2026-08-12,Copy Paper 8.5x11,25,pallets,Dayton Freight,2026-08-12 17:30,2026-08-12 17:41,2026-08-12 18:59
PU-1301,2026-08-13,Breakfast Cereal 18oz,399,cases,Werner Enterprises,2026-08-13 06:00,2026-08-13 06:29,2026-08-13 08:21
PU-1302,2026-08-13,Motor Oil 5qt,265,cases,J.B. Hunt,2026-08-13 09:00,2026-08-13 09:05,2026-08-13 10:37
PU-1303,2026-08-13,Canned Tomatoes 28oz,18,pallets,Dayton Freight,2026-08-13 09:30,2026-08-13 11:00,2026-08-13 11:40
PU-1304,2026-08-13,Copy Paper 8.5x11,12,pallets,Werner Enterprises,2026-08-13 10:00,2026-08-13 10:51,2026-08-13 11:32
PU-1305,2026-08-13,Copy Paper 8.5x11,3,pallets,R+L Carriers,2026-08-13 11:00,2026-08-13 11:57,2026-08-13 12:55
PU-1306,2026-08-13,Copy Paper 8.5x11,11,pallets,J.B. Hunt,2026-08-13 16:00,2026-08-13 16:58,2026-08-13 17:44
PU-1307,2026-08-13,HVAC Air Filters 20x20,244,cases,Werner Enterprises,2026-08-13 16:00,2026-08-13 16:01,2026-08-13 16:52
PU-1308,2026-08-13,Ceramic Floor Tile,22,pallets,Schneider,2026-08-13 16:30,2026-08-13 16:23,2026-08-13 17:47
PU-1309,2026-08-13,Copy Paper 8.5x11,21,pallets,J.B. Hunt,2026-08-13 17:00,2026-08-13 17:27,2026-08-13 19:01
PU-1310,2026-08-13,HVAC Air Filters 20x20,280,cases,Knight-Swift,2026-08-13 17:30,2026-08-13 18:31,2026-08-13 19:53
PU-1311,2026-08-13,Canned Tomatoes 28oz,6,pallets,Old Dominion Freight Line,2026-08-13 17:30,2026-08-13 17:17,2026-08-13 17:43
PU-1312,2026-08-13,Garden Hoses 50ft,100,units,UPS,2026-08-13 17:30,2026-08-13 17:47,2026-08-13 18:21
PU-1313,2026-08-13,Microwave Ovens 1.1cu ft,30,units,Averitt Express,2026-08-13 18:00,2026-08-13 18:00,2026-08-13 18:32
PU-1314,2026-08-14,Vinyl Gloves Box-100,315,cases,XPO,2026-08-14 06:00,2026-08-14 06:21,2026-08-14 07:28
PU-1315,2026-08-14,Bottled Water 24-Pack,44,cases,Dayton Freight,2026-08-14 06:30,2026-08-14 07:58,2026-08-14 09:01
PU-1316,2026-08-14,Dog Food 30lb Bags,12,pallets,R+L Carriers,2026-08-14 06:30,2026-08-14 06:30,2026-08-14 07:27
PU-1317,2026-08-14,Dog Food 30lb Bags,20,pallets,Knight-Swift,2026-08-14 07:00,2026-08-14 06:36,2026-08-14 07:39
PU-1318,2026-08-14,Microwave Ovens 1.1cu ft,116,units,XPO,2026-08-14 08:30,2026-08-14 08:26,2026-08-14 09:29
PU-1319,2026-08-14,Bottled Water 24-Pack,171,cases,Knight-Swift,2026-08-14 09:30,2026-08-14 09:24,2026-08-14 10:24
PU-1320,2026-08-14,HVAC Air Filters 20x20,89,cases,Averitt Express,2026-08-14 11:00,2026-08-14 13:14,2026-08-14 13:41
PU-1321,2026-08-14,Garden Hoses 50ft,59,units,J.B. Hunt,2026-08-14 12:00,2026-08-14 11:42,2026-08-14 12:12
PU-1322,2026-08-14,Office Chairs,101,units,R+L Carriers,2026-08-14 12:30,2026-08-14 11:29,2026-08-14 11:57
PU-1323,2026-08-17,Dog Food 30lb Bags,5,pallets,R+L Carriers,2026-08-17 07:00,2026-08-17 07:05,2026-08-17 08:00
PU-1324,2026-08-17,Motor Oil 5qt,277,cases,Dayton Freight,2026-08-17 09:00,2026-08-17 08:28,2026-08-17 09:30
PU-1325,2026-08-17,Breakfast Cereal 18oz,266,cases,Werner Enterprises,2026-08-17 09:00,2026-08-17 09:44,2026-08-17 11:11
PU-1326,2026-08-17,Vinyl Gloves Box-100,376,cases,TForce Freight,2026-08-17 09:30,2026-08-17 09:53,2026-08-17 10:57
PU-1327,2026-08-17,Bottled Water 24-Pack,30,cases,Saia,2026-08-17 10:00,2026-08-17 09:45,2026-08-17 10:30
PU-1328,2026-08-17,LED Light Bulbs 60W,71,cases,J.B. Hunt,2026-08-17 11:00,2026-08-17 10:52,2026-08-17 12:08
PU-1329,2026-08-17,Vinyl Gloves Box-100,150,cases,Saia,2026-08-17 12:00,2026-08-17 11:55,2026-08-17 12:45
PU-1330,2026-08-17,Ceramic Floor Tile,3,pallets,Werner Enterprises,2026-08-17 13:30,2026-08-17 13:04,2026-08-17 14:02
PU-1331,2026-08-17,LED Light Bulbs 60W,386,cases,Werner Enterprises,2026-08-17 15:00,2026-08-17 16:44,2026-08-17 18:16
PU-1332,2026-08-17,Paper Towels 12-Roll,6,pallets,FedEx Freight,2026-08-17 16:00,2026-08-17 15:54,2026-08-17 16:48
PU-1333,2026-08-18,Breakfast Cereal 18oz,242,cases,TForce Freight,2026-08-18 08:00,2026-08-18 08:07,2026-08-18 09:27
PU-1334,2026-08-18,LED Light Bulbs 60W,31,cases,Schneider,2026-08-18 09:30,2026-08-18 09:24,2026-08-18 10:04
PU-1335,2026-08-18,Office Chairs,112,units,Dayton Freight,2026-08-18 10:00,2026-08-18 09:42,2026-08-18 10:55
PU-1336,2026-08-18,Garden Hoses 50ft,49,units,FedEx Freight,2026-08-18 10:30,2026-08-18 10:22,2026-08-18 11:14
PU-1337,2026-08-18,LED Light Bulbs 60W,164,cases,TForce Freight,2026-08-18 10:30,2026-08-18 10:41,2026-08-18 11:49
PU-1338,2026-08-18,LED Light Bulbs 60W,317,cases,Schneider,2026-08-18 12:00,2026-08-18 11:59,2026-08-18 13:37
PU-1339,2026-08-18,Copy Paper 8.5x11,16,pallets,XPO,2026-08-18 12:00,2026-08-18 12:17,2026-08-18 13:23
PU-1340,2026-08-18,Ceramic Floor Tile,24,pallets,Schneider,2026-08-18 12:30,2026-08-18 11:33,2026-08-18 12:58
PU-1341,2026-08-18,Bottled Water 24-Pack,51,cases,Old Dominion Freight Line,2026-08-18 16:00,2026-08-18 15:34,2026-08-18 16:28
PU-1342,2026-08-18,Microwave Ovens 1.1cu ft,5,units,Schneider,2026-08-18 16:00,2026-08-18 16:00,2026-08-18 16:48
PU-1343,2026-08-18,Breakfast Cereal 18oz,42,cases,ABF Freight,2026-08-18 17:30,2026-08-18 17:26,2026-08-18 18:10
PU-1344,2026-08-18,Laundry Detergent 100oz,387,cases,XPO,2026-08-18 18:00,2026-08-18 20:15,2026-08-18 21:20
PU-1345,2026-08-18,HVAC Air Filters 20x20,354,cases,Schneider,2026-08-18 18:00,2026-08-18 18:07,2026-08-18 19:27
PU-1346,2026-08-19,LED Light Bulbs 60W,65,cases,Averitt Express,2026-08-19 07:30,2026-08-19 09:26,2026-08-19 10:17
PU-1347,2026-08-19,Ceramic Floor Tile,23,pallets,Old Dominion Freight Line,2026-08-19 10:30,2026-08-19 10:13,2026-08-19 11:20
PU-1348,2026-08-19,Bottled Water 24-Pack,258,cases,Knight-Swift,2026-08-19 11:00,2026-08-19 10:42,2026-08-19 11:58
PU-1349,2026-08-19,HVAC Air Filters 20x20,218,cases,Averitt Express,2026-08-19 11:00,2026-08-19 11:08,2026-08-19 11:54
PU-1350,2026-08-19,Laundry Detergent 100oz,215,cases,UPS,2026-08-19 13:30,2026-08-19 13:34,2026-08-19 14:54
PU-1351,2026-08-19,Dog Food 30lb Bags,17,pallets,UPS,2026-08-19 13:30,2026-08-19 13:21,2026-08-19 14:30
PU-1352,2026-08-19,Garden Hoses 50ft,28,units,Schneider,2026-08-19 15:00,2026-08-19 16:20,2026-08-19 16:46
PU-1353,2026-08-19,HVAC Air Filters 20x20,227,cases,ABF Freight,2026-08-19 17:00,2026-08-19 18:09,2026-08-19 19:05
PU-1354,2026-08-19,Bottled Water 24-Pack,367,cases,XPO,2026-08-19 17:30,2026-08-19 17:52,2026-08-19 19:02
PU-1355,2026-08-19,LED Light Bulbs 60W,368,cases,Averitt Express,2026-08-19 18:00,2026-08-19 17:56,2026-08-19 18:43
PU-1356,2026-08-20,Garden Hoses 50ft,19,units,Knight-Swift,2026-08-20 07:00,2026-08-20 07:39,2026-08-20 08:04
PU-1357,2026-08-20,HVAC Air Filters 20x20,258,cases,XPO,2026-08-20 08:00,2026-08-20 08:06,2026-08-20 09:22
PU-1358,2026-08-20,Laundry Detergent 100oz,390,cases,FedEx Freight,2026-08-20 08:00,2026-08-20 07:57,2026-08-20 08:57
PU-1359,2026-08-20,Ceramic Floor Tile,6,pallets,R+L Carriers,2026-08-20 08:00,2026-08-20 07:47,2026-08-20 08:20
PU-1360,2026-08-20,Copy Paper 8.5x11,25,pallets,Dayton Freight,2026-08-20 09:30,2026-08-20 08:33,2026-08-20 09:13
PU-1361,2026-08-20,Canned Tomatoes 28oz,26,pallets,Dayton Freight,2026-08-20 09:30,2026-08-20 09:36,2026-08-20 11:25
PU-1362,2026-08-20,Laundry Detergent 100oz,234,cases,Old Dominion Freight Line,2026-08-20 09:30,2026-08-20 09:25,2026-08-20 10:37
PU-1363,2026-08-20,Office Chairs,110,units,Saia,2026-08-20 12:00,2026-08-20 12:06,2026-08-20 13:32
PU-1364,2026-08-20,Dog Food 30lb Bags,17,pallets,Dayton Freight,2026-08-20 14:00,2026-08-20 14:39,2026-08-20 16:09
PU-1365,2026-08-20,Office Chairs,52,units,FedEx Freight,2026-08-20 15:30,2026-08-20 17:32,2026-08-20 18:12
PU-1366,2026-08-20,Office Chairs,54,units,Estes Express Lines,2026-08-20 18:00,2026-08-20 18:02,2026-08-20 18:57
PU-1367,2026-08-21,Paper Towels 12-Roll,14,pallets,TForce Freight,2026-08-21 07:00,2026-08-21 06:55,2026-08-21 07:42
PU-1368,2026-08-21,Paper Towels 12-Roll,13,pallets,Averitt Express,2026-08-21 08:00,2026-08-21 07:44,2026-08-21 08:35
PU-1369,2026-08-21,Microwave Ovens 1.1cu ft,75,units,Old Dominion Freight Line,2026-08-21 08:00,2026-08-21 08:26,2026-08-21 09:05
PU-1370,2026-08-21,Paper Towels 12-Roll,19,pallets,Old Dominion Freight Line,2026-08-21 08:30,2026-08-21 10:17,2026-08-21 11:51
PU-1371,2026-08-21,Motor Oil 5qt,193,cases,J.B. Hunt,2026-08-21 13:00,2026-08-21 14:53,2026-08-21 15:58
PU-1372,2026-08-21,Motor Oil 5qt,316,cases,Knight-Swift,2026-08-21 14:30,2026-08-21 16:16,2026-08-21 17:48
PU-1373,2026-08-21,Office Chairs,47,units,TForce Freight,2026-08-21 15:00,2026-08-21 14:44,2026-08-21 15:09
PU-1374,2026-08-21,Office Chairs,20,units,R+L Carriers,2026-08-21 15:30,2026-08-21 15:03,2026-08-21 15:39
PU-1375,2026-08-21,Copy Paper 8.5x11,15,pallets,XPO,2026-08-21 15:30,2026-08-21 17:27,2026-08-21 18:29
PU-1376,2026-08-21,Copy Paper 8.5x11,9,pallets,TForce Freight,2026-08-21 16:00,2026-08-21 17:48,2026-08-21 18:28
PU-1377,2026-08-21,Breakfast Cereal 18oz,306,cases,R+L Carriers,2026-08-21 17:00,2026-08-21 17:03,2026-08-21 18:06
PU-1378,2026-08-21,Office Chairs,19,units,Knight-Swift,2026-08-21 17:30,2026-08-21 17:26,2026-08-21 18:08
PU-1379,2026-08-24,Office Chairs,26,units,Estes Express Lines,2026-08-24 07:00,2026-08-24 07:05,2026-08-24 07:42
PU-1380,2026-08-24,Copy Paper 8.5x11,9,pallets,Estes Express Lines,2026-08-24 08:30,2026-08-24 08:36,2026-08-24 09:01
PU-1381,2026-08-24,Canned Tomatoes 28oz,24,pallets,Saia,2026-08-24 09:00,2026-08-24 08:52,2026-08-24 10:03
PU-1382,2026-08-24,Bottled Water 24-Pack,350,cases,J.B. Hunt,2026-08-24 09:00,2026-08-24 08:58,2026-08-24 10:28
PU-1383,2026-08-24,HVAC Air Filters 20x20,156,cases,FedEx Freight,2026-08-24 10:00,2026-08-24 09:58,2026-08-24 11:04
PU-1384,2026-08-24,Paper Towels 12-Roll,11,pallets,FedEx Freight,2026-08-24 11:00,2026-08-24 10:47,2026-08-24 11:22
PU-1385,2026-08-24,Dog Food 30lb Bags,6,pallets,Werner Enterprises,2026-08-24 11:30,2026-08-24 13:23,2026-08-24 14:06
PU-1386,2026-08-24,HVAC Air Filters 20x20,81,cases,ABF Freight,2026-08-24 13:00,2026-08-24 12:59,2026-08-24 13:42
PU-1387,2026-08-24,Microwave Ovens 1.1cu ft,44,units,UPS,2026-08-24 15:00,2026-08-24 15:04,2026-08-24 15:33
PU-1388,2026-08-24,Dog Food 30lb Bags,17,pallets,UPS,2026-08-24 16:00,2026-08-24 15:44,2026-08-24 16:40
PU-1389,2026-08-24,Breakfast Cereal 18oz,86,cases,Saia,2026-08-24 16:00,2026-08-24 15:56,2026-08-24 16:28
PU-1390,2026-08-25,HVAC Air Filters 20x20,184,cases,Knight-Swift,2026-08-25 06:00,2026-08-25 06:04,2026-08-25 06:41
PU-1391,2026-08-25,Laundry Detergent 100oz,340,cases,Saia,2026-08-25 08:30,2026-08-25 07:35,2026-08-25 09:17
PU-1392,2026-08-25,Dog Food 30lb Bags,6,pallets,Saia,2026-08-25 09:00,2026-08-25 09:06,2026-08-25 09:46
PU-1393,2026-08-25,Office Chairs,91,units,Estes Express Lines,2026-08-25 09:00,2026-08-25 08:49,2026-08-25 09:15
PU-1394,2026-08-25,Office Chairs,90,units,Dayton Freight,2026-08-25 10:00,2026-08-25 09:52,2026-08-25 10:50
PU-1395,2026-08-25,Motor Oil 5qt,173,cases,Saia,2026-08-25 11:00,2026-08-25 10:48,2026-08-25 12:08
PU-1396,2026-08-25,Garden Hoses 50ft,53,units,TForce Freight,2026-08-25 11:00,2026-08-25 10:57,2026-08-25 11:46
PU-1397,2026-08-25,Copy Paper 8.5x11,21,pallets,Saia,2026-08-25 13:00,2026-08-25 15:09,2026-08-25 16:11
PU-1398,2026-08-25,LED Light Bulbs 60W,117,cases,ABF Freight,2026-08-25 16:00,2026-08-25 16:40,2026-08-25 18:14
PU-1399,2026-08-25,Microwave Ovens 1.1cu ft,103,units,J.B. Hunt,2026-08-25 18:00,2026-08-25 17:13,2026-08-25 18:00
PU-1400,2026-08-25,Microwave Ovens 1.1cu ft,95,units,Estes Express Lines,2026-08-25 18:00,2026-08-25 18:49,2026-08-25 19:14
PU-1401,2026-08-25,LED Light Bulbs 60W,106,cases,TForce Freight,2026-08-25 18:00,2026-08-25 18:30,2026-08-25 19:05
PU-1402,2026-08-26,Bottled Water 24-Pack,354,cases,Estes Express Lines,2026-08-26 07:00,2026-08-26 07:06,2026-08-26 08:31
PU-1403,2026-08-26,Paper Towels 12-Roll,12,pallets,XPO,2026-08-26 07:30,2026-08-26 07:30,2026-08-26 08:43
PU-1404,2026-08-26,Vinyl Gloves Box-100,170,cases,Dayton Freight,2026-08-26 07:30,2026-08-26 09:25,2026-08-26 10:28
PU-1405,2026-08-26,Canned Tomatoes 28oz,18,pallets,Saia,2026-08-26 07:30,2026-08-26 07:34,2026-08-26 08:59
PU-1406,2026-08-26,Paper Towels 12-Roll,22,pallets,Averitt Express,2026-08-26 11:30,2026-08-26 12:40,2026-08-26 14:22
PU-1407,2026-08-26,Office Chairs,13,units,UPS,2026-08-26 13:30,2026-08-26 13:32,2026-08-26 14:13
PU-1408,2026-08-26,Paper Towels 12-Roll,21,pallets,J.B. Hunt,2026-08-26 15:00,2026-08-26 16:09,2026-08-26 17:34
PU-1409,2026-08-26,Laundry Detergent 100oz,313,cases,Saia,2026-08-26 15:00,2026-08-26 15:04,2026-08-26 16:27
PU-1410,2026-08-26,Office Chairs,57,units,Saia,2026-08-26 15:30,2026-08-26 15:24,2026-08-26 15:57
PU-1411,2026-08-26,Microwave Ovens 1.1cu ft,45,units,Dayton Freight,2026-08-26 17:30,2026-08-26 16:22,2026-08-26 17:16
PU-1412,2026-08-26,Garden Hoses 50ft,10,units,R+L Carriers,2026-08-26 18:00,2026-08-26 17:44,2026-08-26 18:23
PU-1413,2026-08-27,Office Chairs,116,units,FedEx Freight,2026-08-27 06:00,2026-08-27 05:33,2026-08-27 06:53
PU-1414,2026-08-27,Ceramic Floor Tile,4,pallets,FedEx Freight,2026-08-27 08:30,2026-08-27 08:42,2026-08-27 09:16
PU-1415,2026-08-27,Bottled Water 24-Pack,153,cases,UPS,2026-08-27 08:30,2026-08-27 08:18,2026-08-27 09:11
PU-1416,2026-08-27,Dog Food 30lb Bags,22,pallets,ABF Freight,2026-08-27 09:00,2026-08-27 08:44,2026-08-27 09:26
PU-1417,2026-08-27,Office Chairs,13,units,Old Dominion Freight Line,2026-08-27 09:30,2026-08-27 09:31,2026-08-27 10:00
PU-1418,2026-08-27,HVAC Air Filters 20x20,52,cases,Werner Enterprises,2026-08-27 11:00,2026-08-27 10:59,2026-08-27 11:38
PU-1419,2026-08-27,HVAC Air Filters 20x20,291,cases,FedEx Freight,2026-08-27 11:00,2026-08-27 10:44,2026-08-27 11:39
PU-1420,2026-08-27,Microwave Ovens 1.1cu ft,95,units,Saia,2026-08-27 12:30,2026-08-27 12:47,2026-08-27 13:18
PU-1421,2026-08-27,HVAC Air Filters 20x20,281,cases,J.B. Hunt,2026-08-27 12:30,2026-08-27 12:33,2026-08-27 13:56
PU-1422,2026-08-27,Vinyl Gloves Box-100,192,cases,Knight-Swift,2026-08-27 15:30,2026-08-27 16:07,2026-08-27 17:26
PU-1423,2026-08-27,Canned Tomatoes 28oz,9,pallets,Schneider,2026-08-27 15:30,2026-08-27 15:57,2026-08-27 16:49
PU-1424,2026-08-27,Canned Tomatoes 28oz,19,pallets,J.B. Hunt,2026-08-27 15:30,2026-08-27 15:18,2026-08-27 16:22
PU-1425,2026-08-28,Microwave Ovens 1.1cu ft,68,units,Old Dominion Freight Line,2026-08-28 07:00,2026-08-28 07:20,2026-08-28 08:09
PU-1426,2026-08-28,Breakfast Cereal 18oz,374,cases,TForce Freight,2026-08-28 08:30,2026-08-28 08:17,2026-08-28 10:04
PU-1427,2026-08-28,Microwave Ovens 1.1cu ft,64,units,Knight-Swift,2026-08-28 08:30,2026-08-28 09:50,2026-08-28 10:52
PU-1428,2026-08-28,HVAC Air Filters 20x20,386,cases,TForce Freight,2026-08-28 10:00,2026-08-28 10:12,2026-08-28 11:28
PU-1429,2026-08-28,Microwave Ovens 1.1cu ft,79,units,FedEx Freight,2026-08-28 11:00,2026-08-28 10:38,2026-08-28 11:16
PU-1430,2026-08-28,HVAC Air Filters 20x20,78,cases,XPO,2026-08-28 11:30,2026-08-28 11:30,2026-08-28 12:10
PU-1431,2026-08-28,HVAC Air Filters 20x20,137,cases,FedEx Freight,2026-08-28 15:00,2026-08-28 14:37,2026-08-28 15:36
PU-1432,2026-08-28,Copy Paper 8.5x11,20,pallets,TForce Freight,2026-08-28 15:30,2026-08-28 17:32,2026-08-28 18:39
PU-1433,2026-08-28,Office Chairs,34,units,Knight-Swift,2026-08-28 16:00,2026-08-28 16:07,2026-08-28 16:55
PU-1434,2026-08-28,Laundry Detergent 100oz,149,cases,J.B. Hunt,2026-08-28 16:00,2026-08-28 17:11,2026-08-28 18:13
PU-1435,2026-08-28,Garden Hoses 50ft,82,units,Dayton Freight,2026-08-28 16:30,2026-08-28 16:40,2026-08-28 17:16
PU-1436,2026-08-28,Garden Hoses 50ft,110,units,Schneider,2026-08-28 18:00,2026-08-28 17:47,2026-08-28 18:46
PU-1437,2026-08-31,LED Light Bulbs 60W,273,cases,TForce Freight,2026-08-31 07:00,2026-08-31 06:56,2026-08-31 08:38
PU-1438,2026-08-31,Motor Oil 5qt,338,cases,Knight-Swift,2026-08-31 07:30,2026-08-31 08:31,2026-08-31 09:48
PU-1439,2026-08-31,LED Light Bulbs 60W,115,cases,J.B. Hunt,2026-08-31 11:00,2026-08-31 11:39,2026-08-31 12:16
PU-1440,2026-08-31,Office Chairs,48,units,J.B. Hunt,2026-08-31 11:00,2026-08-31 11:09,2026-08-31 12:00
PU-1441,2026-08-31,Breakfast Cereal 18oz,119,cases,TForce Freight,2026-08-31 11:00,2026-08-31 10:55,2026-08-31 11:49
PU-1442,2026-08-31,Microwave Ovens 1.1cu ft,100,units,R+L Carriers,2026-08-31 14:00,2026-08-31 14:21,2026-08-31 15:28
PU-1443,2026-08-31,LED Light Bulbs 60W,109,cases,Dayton Freight,2026-08-31 15:30,2026-08-31 15:13,2026-08-31 16:11
PU-1444,2026-08-31,Vinyl Gloves Box-100,85,cases,UPS,2026-08-31 15:30,2026-08-31 15:29,2026-08-31 16:46
PU-1445,2026-08-31,Canned Tomatoes 28oz,16,pallets,ABF Freight,2026-08-31 16:00,2026-08-31 18:06,2026-08-31 19:06
PU-1446,2026-08-31,Copy Paper 8.5x11,19,pallets,ABF Freight,2026-08-31 16:30,2026-08-31 16:31,2026-08-31 17:48
PU-1447,2026-08-31,Office Chairs,30,units,R+L Carriers,2026-08-31 17:30,2026-08-31 17:30,2026-08-31 18:25
PU-1448,2026-08-31,Copy Paper 8.5x11,16,pallets,Averitt Express,2026-08-31 17:30,2026-08-31 17:48,2026-08-31 18:56
PU-1449,2026-09-01,Paper Towels 12-Roll,19,pallets,Werner Enterprises,2026-09-01 06:30,2026-09-01 06:20,2026-09-01 07:33
PU-1450,2026-09-01,Canned Tomatoes 28oz,19,pallets,XPO,2026-09-01 07:00,2026-09-01 07:52,2026-09-01 09:06
PU-1451,2026-09-01,HVAC Air Filters 20x20,350,cases,Dayton Freight,2026-09-01 08:00,2026-09-01 09:48,2026-09-01 11:12
PU-1452,2026-09-01,Microwave Ovens 1.1cu ft,78,units,TForce Freight,2026-09-01 08:30,2026-09-01 08:52,2026-09-01 09:59
PU-1453,2026-09-01,Paper Towels 12-Roll,18,pallets,XPO,2026-09-01 08:30,2026-09-01 08:56,2026-09-01 09:58
PU-1454,2026-09-01,Microwave Ovens 1.1cu ft,56,units,Averitt Express,2026-09-01 11:00,2026-09-01 11:33,2026-09-01 12:17
PU-1455,2026-09-01,Paper Towels 12-Roll,16,pallets,Schneider,2026-09-01 13:30,2026-09-01 12:57,2026-09-01 14:13
PU-1456,2026-09-01,LED Light Bulbs 60W,166,cases,Schneider,2026-09-01 13:30,2026-09-01 14:54,2026-09-01 16:08
PU-1457,2026-09-01,Dog Food 30lb Bags,12,pallets,J.B. Hunt,2026-09-01 15:00,2026-09-01 14:52,2026-09-01 15:53
PU-1458,2026-09-01,Vinyl Gloves Box-100,295,cases,J.B. Hunt,2026-09-01 15:30,2026-09-01 14:29,2026-09-01 15:46
PU-1459,2026-09-02,Copy Paper 8.5x11,4,pallets,R+L Carriers,2026-09-02 10:00,2026-09-02 10:09,2026-09-02 10:47
PU-1460,2026-09-02,Vinyl Gloves Box-100,255,cases,TForce Freight,2026-09-02 10:30,2026-09-02 12:45,2026-09-02 13:38
PU-1461,2026-09-02,Copy Paper 8.5x11,6,pallets,Dayton Freight,2026-09-02 11:00,2026-09-02 10:48,2026-09-02 11:19
PU-1462,2026-09-02,Canned Tomatoes 28oz,16,pallets,UPS,2026-09-02 13:30,2026-09-02 13:26,2026-09-02 14:45
PU-1463,2026-09-02,Microwave Ovens 1.1cu ft,88,units,Estes Express Lines,2026-09-02 15:30,2026-09-02 15:18,2026-09-02 16:07
PU-1464,2026-09-02,Ceramic Floor Tile,9,pallets,FedEx Freight,2026-09-02 16:00,2026-09-02 17:14,2026-09-02 18:00
PU-1465,2026-09-02,Copy Paper 8.5x11,4,pallets,Knight-Swift,2026-09-02 17:30,2026-09-02 19:06,2026-09-02 19:51
PU-1466,2026-09-02,Copy Paper 8.5x11,5,pallets,Dayton Freight,2026-09-02 17:30,2026-09-02 17:34,2026-09-02 18:36
PU-1467,2026-09-02,Copy Paper 8.5x11,22,pallets,R+L Carriers,2026-09-02 18:00,2026-09-02 17:54,2026-09-02 18:56
PU-1468,2026-09-02,Motor Oil 5qt,165,cases,Dayton Freight,2026-09-02 18:00,2026-09-02 18:16,2026-09-02 19:12
PU-1469,2026-09-02,Garden Hoses 50ft,44,units,UPS,2026-09-02 18:00,2026-09-02 17:30,2026-09-02 18:17
PU-1470,2026-09-03,Garden Hoses 50ft,61,units,TForce Freight,2026-09-03 09:00,2026-09-03 08:36,2026-09-03 09:01
PU-1471,2026-09-03,Paper Towels 12-Roll,14,pallets,Old Dominion Freight Line,2026-09-03 09:30,2026-09-03 09:28,2026-09-03 10:47
PU-1472,2026-09-03,Laundry Detergent 100oz,53,cases,Saia,2026-09-03 11:00,2026-09-03 11:23,2026-09-03 12:33
PU-1473,2026-09-03,Garden Hoses 50ft,36,units,Knight-Swift,2026-09-03 14:00,2026-09-03 12:55,2026-09-03 13:27
PU-1474,2026-09-03,Canned Tomatoes 28oz,18,pallets,Saia,2026-09-03 15:30,2026-09-03 15:22,2026-09-03 16:32
PU-1475,2026-09-03,Dog Food 30lb Bags,10,pallets,UPS,2026-09-03 16:00,2026-09-03 16:22,2026-09-03 17:07
PU-1476,2026-09-03,HVAC Air Filters 20x20,251,cases,Old Dominion Freight Line,2026-09-03 16:30,2026-09-03 16:25,2026-09-03 17:47
PU-1477,2026-09-03,Bottled Water 24-Pack,354,cases,ABF Freight,2026-09-03 17:30,2026-09-03 17:38,2026-09-03 18:57
PU-1478,2026-09-04,Garden Hoses 50ft,55,units,ABF Freight,2026-09-04 07:00,2026-09-04 06:48,2026-09-04 07:41
PU-1479,2026-09-04,Laundry Detergent 100oz,191,cases,Estes Express Lines,2026-09-04 07:30,2026-09-04 07:22,2026-09-04 08:48
PU-1480,2026-09-04,Paper Towels 12-Roll,19,pallets,J.B. Hunt,2026-09-04 08:30,2026-09-04 08:37,2026-09-04 09:47
PU-1481,2026-09-04,Canned Tomatoes 28oz,9,pallets,XPO,2026-09-04 08:30,2026-09-04 08:38,2026-09-04 09:32
PU-1482,2026-09-04,HVAC Air Filters 20x20,225,cases,XPO,2026-09-04 09:00,2026-09-04 10:45,2026-09-04 11:16
PU-1483,2026-09-04,Laundry Detergent 100oz,56,cases,Averitt Express,2026-09-04 10:00,2026-09-04 11:04,2026-09-04 11:51
PU-1484,2026-09-04,Bottled Water 24-Pack,214,cases,Knight-Swift,2026-09-04 13:00,2026-09-04 14:13,2026-09-04 15:34
PU-1485,2026-09-04,Paper Towels 12-Roll,22,pallets,ABF Freight,2026-09-04 13:00,2026-09-04 12:49,2026-09-04 14:14
PU-1486,2026-09-04,Dog Food 30lb Bags,21,pallets,Old Dominion Freight Line,2026-09-04 14:30,2026-09-04 13:56,2026-09-04 15:17
PU-1487,2026-09-04,Vinyl Gloves Box-100,48,cases,Knight-Swift,2026-09-04 15:00,2026-09-04 15:23,2026-09-04 16:08
PU-1488,2026-09-04,Garden Hoses 50ft,79,units,XPO,2026-09-04 17:00,2026-09-04 17:07,2026-09-04 17:59
PU-1489,2026-09-04,LED Light Bulbs 60W,154,cases,TForce Freight,2026-09-04 18:00,2026-09-04 17:13,2026-09-04 18:29
PU-1490,2026-09-08,Vinyl Gloves Box-100,141,cases,Saia,2026-09-08 08:00,2026-09-08 07:56,2026-09-08 09:37
PU-1491,2026-09-08,Vinyl Gloves Box-100,108,cases,XPO,2026-09-08 08:00,2026-09-08 07:51,2026-09-08 08:49
PU-1492,2026-09-08,Paper Towels 12-Roll,6,pallets,Knight-Swift,2026-09-08 08:30,2026-09-08 07:57,2026-09-08 08:50
PU-1493,2026-09-08,LED Light Bulbs 60W,264,cases,Werner Enterprises,2026-09-08 11:00,2026-09-08 11:09,2026-09-08 12:24
PU-1494,2026-09-08,Vinyl Gloves Box-100,281,cases,Werner Enterprises,2026-09-08 12:30,2026-09-08 12:33,2026-09-08 13:55
PU-1495,2026-09-08,Dog Food 30lb Bags,3,pallets,ABF Freight,2026-09-08 13:00,2026-09-08 13:05,2026-09-08 13:51
PU-1496,2026-09-08,Dog Food 30lb Bags,11,pallets,Knight-Swift,2026-09-08 15:30,2026-09-08 15:51,2026-09-08 16:32
PU-1497,2026-09-08,Dog Food 30lb Bags,20,pallets,R+L Carriers,2026-09-08 15:30,2026-09-08 15:52,2026-09-08 16:46
PU-1498,2026-09-09,Office Chairs,46,units,Dayton Freight,2026-09-09 08:00,2026-09-09 06:52,2026-09-09 07:23
PU-1499,2026-09-09,Office Chairs,27,units,XPO,2026-09-09 09:30,2026-09-09 09:06,2026-09-09 10:04
PU-1500,2026-09-09,Motor Oil 5qt,123,cases,Schneider,2026-09-09 10:00,2026-09-09 10:15,2026-09-09 11:36
PU-1501,2026-09-09,Ceramic Floor Tile,16,pallets,FedEx Freight,2026-09-09 11:00,2026-09-09 11:06,2026-09-09 12:19
PU-1502,2026-09-09,Canned Tomatoes 28oz,6,pallets,Werner Enterprises,2026-09-09 11:00,2026-09-09 11:49,2026-09-09 12:35
PU-1503,2026-09-09,Canned Tomatoes 28oz,26,pallets,R+L Carriers,2026-09-09 11:00,2026-09-09 11:20,2026-09-09 12:45
PU-1504,2026-09-09,Vinyl Gloves Box-100,375,cases,J.B. Hunt,2026-09-09 11:00,2026-09-09 10:57,2026-09-09 12:18
PU-1505,2026-09-09,Microwave Ovens 1.1cu ft,103,units,Averitt Express,2026-09-09 12:00,2026-09-09 12:23,2026-09-09 13:44
PU-1506,2026-09-09,Bottled Water 24-Pack,218,cases,XPO,2026-09-09 13:30,2026-09-09 13:23,2026-09-09 13:58
PU-1507,2026-09-09,Garden Hoses 50ft,33,units,Schneider,2026-09-09 15:30,2026-09-09 17:21,2026-09-09 17:52
PU-1508,2026-09-09,Copy Paper 8.5x11,4,pallets,FedEx Freight,2026-09-09 15:30,2026-09-09 15:03,2026-09-09 15:30
PU-1509,2026-09-09,Bottled Water 24-Pack,208,cases,TForce Freight,2026-09-09 17:30,2026-09-09 17:18,2026-09-09 18:28
PU-1510,2026-09-10,Garden Hoses 50ft,99,units,J.B. Hunt,2026-09-10 06:00,2026-09-10 05:51,2026-09-10 06:31
PU-1511,2026-09-10,Dog Food 30lb Bags,6,pallets,XPO,2026-09-10 07:00,2026-09-10 06:51,2026-09-10 07:47
PU-1512,2026-09-10,Paper Towels 12-Roll,2,pallets,TForce Freight,2026-09-10 11:00,2026-09-10 12:45,2026-09-10 13:10
PU-1513,2026-09-10,Laundry Detergent 100oz,69,cases,Old Dominion Freight Line,2026-09-10 14:00,2026-09-10 13:35,2026-09-10 14:20
PU-1514,2026-09-10,HVAC Air Filters 20x20,74,cases,Saia,2026-09-10 15:30,2026-09-10 15:09,2026-09-10 16:07
PU-1515,2026-09-10,LED Light Bulbs 60W,385,cases,Dayton Freight,2026-09-10 16:00,2026-09-10 16:28,2026-09-10 17:38
PU-1516,2026-09-10,HVAC Air Filters 20x20,84,cases,UPS,2026-09-10 16:00,2026-09-10 18:12,2026-09-10 19:05
PU-1517,2026-09-10,Canned Tomatoes 28oz,12,pallets,R+L Carriers,2026-09-10 17:30,2026-09-10 17:24,2026-09-10 18:42
PU-1518,2026-09-10,LED Light Bulbs 60W,233,cases,Saia,2026-09-10 17:30,2026-09-10 17:26,2026-09-10 18:35
PU-1519,2026-09-10,Paper Towels 12-Roll,9,pallets,UPS,2026-09-10 18:00,2026-09-10 17:55,2026-09-10 18:58
PU-1520,2026-09-10,Garden Hoses 50ft,37,units,Schneider,2026-09-10 18:00,2026-09-10 18:20,2026-09-10 18:54
PU-1521,2026-09-11,Bottled Water 24-Pack,159,cases,UPS,2026-09-11 06:00,2026-09-11 08:00,2026-09-11 09:04
PU-1522,2026-09-11,Bottled Water 24-Pack,164,cases,FedEx Freight,2026-09-11 07:00,2026-09-11 06:54,2026-09-11 07:58
PU-1523,2026-09-11,Microwave Ovens 1.1cu ft,22,units,FedEx Freight,2026-09-11 07:30,2026-09-11 07:56,2026-09-11 08:47
PU-1524,2026-09-11,Motor Oil 5qt,367,cases,UPS,2026-09-11 08:30,2026-09-11 09:36,2026-09-11 11:34
PU-1525,2026-09-11,Copy Paper 8.5x11,17,pallets,Dayton Freight,2026-09-11 11:30,2026-09-11 11:34,2026-09-11 12:08
PU-1526,2026-09-11,Vinyl Gloves Box-100,67,cases,UPS,2026-09-11 14:00,2026-09-11 16:13,2026-09-11 16:40
PU-1527,2026-09-11,Paper Towels 12-Roll,15,pallets,UPS,2026-09-11 15:00,2026-09-11 14:47,2026-09-11 15:59
PU-1528,2026-09-11,Vinyl Gloves Box-100,172,cases,Knight-Swift,2026-09-11 15:30,2026-09-11 15:58,2026-09-11 16:23
PU-1529,2026-09-11,Breakfast Cereal 18oz,194,cases,J.B. Hunt,2026-09-11 16:00,2026-09-11 16:06,2026-09-11 17:15
PU-1530,2026-09-11,Paper Towels 12-Roll,21,pallets,Averitt Express,2026-09-11 16:00,2026-09-11 15:55,2026-09-11 16:46
PU-1531,2026-09-11,Canned Tomatoes 28oz,18,pallets,Knight-Swift,2026-09-11 16:30,2026-09-11 16:16,2026-09-11 17:26
PU-1532,2026-09-11,HVAC Air Filters 20x20,271,cases,J.B. Hunt,2026-09-11 17:30,2026-09-11 17:21,2026-09-11 18:46
PU-1533,2026-09-14,Garden Hoses 50ft,17,units,Werner Enterprises,2026-09-14 08:30,2026-09-14 08:41,2026-09-14 09:14
PU-1534,2026-09-14,Vinyl Gloves Box-100,53,cases,Saia,2026-09-14 10:00,2026-09-14 09:45,2026-09-14 10:43
PU-1535,2026-09-14,Bottled Water 24-Pack,136,cases,Old Dominion Freight Line,2026-09-14 10:00,2026-09-14 12:10,2026-09-14 13:10
PU-1536,2026-09-14,Canned Tomatoes 28oz,20,pallets,Schneider,2026-09-14 10:30,2026-09-14 11:57,2026-09-14 13:02
PU-1537,2026-09-14,Garden Hoses 50ft,109,units,TForce Freight,2026-09-14 11:30,2026-09-14 12:07,2026-09-14 13:08
PU-1538,2026-09-14,Copy Paper 8.5x11,5,pallets,Old Dominion Freight Line,2026-09-14 12:00,2026-09-14 11:21,2026-09-14 12:16
PU-1539,2026-09-14,Vinyl Gloves Box-100,378,cases,Old Dominion Freight Line,2026-09-14 14:30,2026-09-14 15:39,2026-09-14 17:06
PU-1540,2026-09-14,HVAC Air Filters 20x20,374,cases,Averitt Express,2026-09-14 15:30,2026-09-14 15:59,2026-09-14 17:50
PU-1541,2026-09-15,Canned Tomatoes 28oz,23,pallets,Dayton Freight,2026-09-15 08:00,2026-09-15 08:52,2026-09-15 10:18
PU-1542,2026-09-15,Paper Towels 12-Roll,22,pallets,FedEx Freight,2026-09-15 08:30,2026-09-15 08:29,2026-09-15 09:41
PU-1543,2026-09-15,Ceramic Floor Tile,24,pallets,ABF Freight,2026-09-15 08:30,2026-09-15 08:41,2026-09-15 10:10
PU-1544,2026-09-15,Ceramic Floor Tile,23,pallets,Saia,2026-09-15 09:30,2026-09-15 09:56,2026-09-15 10:50
PU-1545,2026-09-15,Dog Food 30lb Bags,15,pallets,Saia,2026-09-15 09:30,2026-09-15 09:25,2026-09-15 10:41
PU-1546,2026-09-15,Dog Food 30lb Bags,8,pallets,J.B. Hunt,2026-09-15 11:00,2026-09-15 11:23,2026-09-15 12:16
PU-1547,2026-09-15,Laundry Detergent 100oz,96,cases,Averitt Express,2026-09-15 13:00,2026-09-15 13:20,2026-09-15 14:24
PU-1548,2026-09-15,Canned Tomatoes 28oz,20,pallets,Dayton Freight,2026-09-15 14:00,2026-09-15 13:58,2026-09-15 14:45
PU-1549,2026-09-15,HVAC Air Filters 20x20,372,cases,Knight-Swift,2026-09-15 15:30,2026-09-15 15:38,2026-09-15 16:44
PU-1550,2026-09-15,Garden Hoses 50ft,110,units,ABF Freight,2026-09-15 15:30,2026-09-15 14:46,2026-09-15 15:55
PU-1551,2026-09-15,Bottled Water 24-Pack,234,cases,Knight-Swift,2026-09-15 16:30,2026-09-15 17:00,2026-09-15 18:03
PU-1552,2026-09-15,Bottled Water 24-Pack,303,cases,Knight-Swift,2026-09-15 18:00,2026-09-15 18:25,2026-09-15 19:36
PU-1553,2026-09-16,HVAC Air Filters 20x20,260,cases,Estes Express Lines,2026-09-16 06:00,2026-09-16 06:15,2026-09-16 07:03
PU-1554,2026-09-16,Canned Tomatoes 28oz,14,pallets,R+L Carriers,2026-09-16 09:30,2026-09-16 09:17,2026-09-16 09:43
PU-1555,2026-09-16,Copy Paper 8.5x11,15,pallets,XPO,2026-09-16 10:00,2026-09-16 10:42,2026-09-16 11:37
PU-1556,2026-09-16,Copy Paper 8.5x11,9,pallets,Averitt Express,2026-09-16 10:00,2026-09-16 11:27,2026-09-16 12:21
PU-1557,2026-09-16,Canned Tomatoes 28oz,21,pallets,J.B. Hunt,2026-09-16 10:30,2026-09-16 10:41,2026-09-16 11:59
PU-1558,2026-09-16,Copy Paper 8.5x11,10,pallets,FedEx Freight,2026-09-16 11:30,2026-09-16 11:33,2026-09-16 12:08
PU-1559,2026-09-16,HVAC Air Filters 20x20,111,cases,Knight-Swift,2026-09-16 12:30,2026-09-16 12:54,2026-09-16 13:57
PU-1560,2026-09-16,Office Chairs,39,units,Schneider,2026-09-16 13:00,2026-09-16 12:57,2026-09-16 13:36
PU-1561,2026-09-16,Copy Paper 8.5x11,7,pallets,TForce Freight,2026-09-16 13:00,2026-09-16 13:05,2026-09-16 13:52
PU-1562,2026-09-17,Laundry Detergent 100oz,191,cases,Knight-Swift,2026-09-17 06:30,2026-09-17 08:35,2026-09-17 09:30
PU-1563,2026-09-17,Breakfast Cereal 18oz,296,cases,Schneider,2026-09-17 09:00,2026-09-17 09:00,2026-09-17 10:26
PU-1564,2026-09-17,LED Light Bulbs 60W,300,cases,XPO,2026-09-17 09:30,2026-09-17 10:59,2026-09-17 12:49
PU-1565,2026-09-17,Office Chairs,17,units,R+L Carriers,2026-09-17 10:00,2026-09-17 12:00,2026-09-17 12:59
PU-1566,2026-09-17,Dog Food 30lb Bags,4,pallets,J.B. Hunt,2026-09-17 12:00,2026-09-17 11:42,2026-09-17 12:17
PU-1567,2026-09-17,LED Light Bulbs 60W,169,cases,FedEx Freight,2026-09-17 13:00,2026-09-17 12:52,2026-09-17 13:26
PU-1568,2026-09-17,Vinyl Gloves Box-100,308,cases,XPO,2026-09-17 14:00,2026-09-17 15:13,2026-09-17 16:21
PU-1569,2026-09-17,Canned Tomatoes 28oz,8,pallets,Averitt Express,2026-09-17 15:00,2026-09-17 14:50,2026-09-17 15:39
PU-1570,2026-09-17,Office Chairs,96,units,XPO,2026-09-17 16:00,2026-09-17 15:56,2026-09-17 16:29
PU-1571,2026-09-17,Garden Hoses 50ft,109,units,Schneider,2026-09-17 18:00,2026-09-17 17:52,2026-09-17 18:46
PU-1572,2026-09-18,Office Chairs,92,units,TForce Freight,2026-09-18 06:30,2026-09-18 06:13,2026-09-18 06:38
PU-1573,2026-09-18,Ceramic Floor Tile,4,pallets,ABF Freight,2026-09-18 07:00,2026-09-18 07:13,2026-09-18 07:38
PU-1574,2026-09-18,Microwave Ovens 1.1cu ft,59,units,Saia,2026-09-18 11:00,2026-09-18 11:48,2026-09-18 12:37
PU-1575,2026-09-18,Copy Paper 8.5x11,11,pallets,Knight-Swift,2026-09-18 11:00,2026-09-18 11:02,2026-09-18 12:12
PU-1576,2026-09-18,Ceramic Floor Tile,19,pallets,Old Dominion Freight Line,2026-09-18 12:30,2026-09-18 12:21,2026-09-18 13:38
PU-1577,2026-09-18,Paper Towels 12-Roll,14,pallets,TForce Freight,2026-09-18 13:30,2026-09-18 13:12,2026-09-18 14:10
PU-1578,2026-09-18,Vinyl Gloves Box-100,321,cases,Schneider,2026-09-18 16:00,2026-09-18 15:55,2026-09-18 16:46
PU-1579,2026-09-18,Bottled Water 24-Pack,59,cases,XPO,2026-09-18 17:30,2026-09-18 17:35,2026-09-18 18:32
PU-1580,2026-09-21,Canned Tomatoes 28oz,25,pallets,Knight-Swift,2026-09-21 09:00,2026-09-21 09:04,2026-09-21 09:59
PU-1581,2026-09-21,Paper Towels 12-Roll,24,pallets,Estes Express Lines,2026-09-21 11:00,2026-09-21 11:30,2026-09-21 12:57
PU-1582,2026-09-21,Copy Paper 8.5x11,19,pallets,Dayton Freight,2026-09-21 12:00,2026-09-21 11:54,2026-09-21 13:04
PU-1583,2026-09-21,LED Light Bulbs 60W,335,cases,XPO,2026-09-21 12:30,2026-09-21 12:42,2026-09-21 13:55
PU-1584,2026-09-21,Microwave Ovens 1.1cu ft,37,units,Old Dominion Freight Line,2026-09-21 12:30,2026-09-21 12:51,2026-09-21 13:16
PU-1585,2026-09-21,Vinyl Gloves Box-100,43,cases,Schneider,2026-09-21 15:00,2026-09-21 16:47,2026-09-21 18:08
PU-1586,2026-09-21,Laundry Detergent 100oz,269,cases,Schneider,2026-09-21 16:00,2026-09-21 17:21,2026-09-21 18:22
PU-1587,2026-09-21,Paper Towels 12-Roll,3,pallets,Werner Enterprises,2026-09-21 16:30,2026-09-21 16:38,2026-09-21 17:14
PU-1588,2026-09-22,Dog Food 30lb Bags,22,pallets,Saia,2026-09-22 07:00,2026-09-22 08:50,2026-09-22 10:03
PU-1589,2026-09-22,Bottled Water 24-Pack,40,cases,Estes Express Lines,2026-09-22 07:30,2026-09-22 07:46,2026-09-22 08:11
PU-1590,2026-09-22,Paper Towels 12-Roll,7,pallets,XPO,2026-09-22 08:00,2026-09-22 07:56,2026-09-22 08:34
PU-1591,2026-09-22,Copy Paper 8.5x11,11,pallets,ABF Freight,2026-09-22 09:00,2026-09-22 09:33,2026-09-22 10:19
PU-1592,2026-09-22,Microwave Ovens 1.1cu ft,109,units,ABF Freight,2026-09-22 10:00,2026-09-22 10:16,2026-09-22 11:00
PU-1593,2026-09-22,Ceramic Floor Tile,3,pallets,UPS,2026-09-22 11:00,2026-09-22 13:05,2026-09-22 13:30
PU-1594,2026-09-22,Canned Tomatoes 28oz,9,pallets,J.B. Hunt,2026-09-22 11:00,2026-09-22 13:14,2026-09-22 13:54
PU-1595,2026-09-22,Canned Tomatoes 28oz,9,pallets,Werner Enterprises,2026-09-22 11:30,2026-09-22 11:25,2026-09-22 12:04
PU-1596,2026-09-22,Breakfast Cereal 18oz,117,cases,Estes Express Lines,2026-09-22 13:00,2026-09-22 12:30,2026-09-22 13:14
PU-1597,2026-09-22,Laundry Detergent 100oz,180,cases,Averitt Express,2026-09-22 16:00,2026-09-22 16:27,2026-09-22 17:24
PU-1598,2026-09-22,Garden Hoses 50ft,80,units,Old Dominion Freight Line,2026-09-22 16:30,2026-09-22 16:40,2026-09-22 17:24
PU-1599,2026-09-22,Copy Paper 8.5x11,11,pallets,Averitt Express,2026-09-22 18:00,2026-09-22 17:47,2026-09-22 18:21
PU-1600,2026-09-23,Copy Paper 8.5x11,9,pallets,ABF Freight,2026-09-23 06:00,2026-09-23 06:17,2026-09-23 07:40
PU-1601,2026-09-23,Canned Tomatoes 28oz,10,pallets,FedEx Freight,2026-09-23 07:00,2026-09-23 07:21,2026-09-23 08:03
PU-1602,2026-09-23,Garden Hoses 50ft,12,units,Estes Express Lines,2026-09-23 09:00,2026-09-23 08:54,2026-09-23 09:21
PU-1603,2026-09-23,Copy Paper 8.5x11,11,pallets,Knight-Swift,2026-09-23 09:00,2026-09-23 10:20,2026-09-23 11:14
PU-1604,2026-09-23,HVAC Air Filters 20x20,225,cases,Dayton Freight,2026-09-23 12:30,2026-09-23 12:52,2026-09-23 13:37
PU-1605,2026-09-23,LED Light Bulbs 60W,360,cases,Knight-Swift,2026-09-23 15:00,2026-09-23 15:03,2026-09-23 16:29
PU-1606,2026-09-23,Paper Towels 12-Roll,2,pallets,Knight-Swift,2026-09-23 15:30,2026-09-23 15:47,2026-09-23 16:38
PU-1607,2026-09-23,Ceramic Floor Tile,13,pallets,Knight-Swift,2026-09-23 16:00,2026-09-23 15:58,2026-09-23 16:55
PU-1608,2026-09-23,Motor Oil 5qt,235,cases,Saia,2026-09-23 17:00,2026-09-23 16:54,2026-09-23 18:00
PU-1609,2026-09-24,Office Chairs,48,units,XPO,2026-09-24 08:30,2026-09-24 08:17,2026-09-24 09:00
PU-1610,2026-09-24,LED Light Bulbs 60W,386,cases,ABF Freight,2026-09-24 10:00,2026-09-24 10:31,2026-09-24 12:07
PU-1611,2026-09-24,Paper Towels 12-Roll,25,pallets,Old Dominion Freight Line,2026-09-24 10:00,2026-09-24 11:05,2026-09-24 12:36
PU-1612,2026-09-24,Copy Paper 8.5x11,6,pallets,Saia,2026-09-24 13:00,2026-09-24 13:07,2026-09-24 13:37
PU-1613,2026-09-24,Office Chairs,115,units,UPS,2026-09-24 15:00,2026-09-24 14:52,2026-09-24 15:48
PU-1614,2026-09-24,HVAC Air Filters 20x20,236,cases,J.B. Hunt,2026-09-24 15:00,2026-09-24 14:47,2026-09-24 15:40
PU-1615,2026-09-24,Canned Tomatoes 28oz,18,pallets,XPO,2026-09-24 16:00,2026-09-24 15:28,2026-09-24 16:16
PU-1616,2026-09-24,Motor Oil 5qt,383,cases,ABF Freight,2026-09-24 17:00,2026-09-24 16:51,2026-09-24 18:08
PU-1617,2026-09-24,Copy Paper 8.5x11,14,pallets,FedEx Freight,2026-09-24 17:30,2026-09-24 17:28,2026-09-24 18:17
PU-1618,2026-09-24,Office Chairs,20,units,Knight-Swift,2026-09-24 18:00,2026-09-24 18:04,2026-09-24 18:53
PU-1619,2026-09-25,Laundry Detergent 100oz,59,cases,Dayton Freight,2026-09-25 11:00,2026-09-25 11:06,2026-09-25 11:33
PU-1620,2026-09-25,Copy Paper 8.5x11,15,pallets,FedEx Freight,2026-09-25 11:30,2026-09-25 11:53,2026-09-25 12:30
PU-1621,2026-09-25,Dog Food 30lb Bags,9,pallets,ABF Freight,2026-09-25 13:30,2026-09-25 13:41,2026-09-25 14:06
PU-1622,2026-09-25,Laundry Detergent 100oz,40,cases,FedEx Freight,2026-09-25 17:00,2026-09-25 17:16,2026-09-25 18:07
PU-1623,2026-09-25,HVAC Air Filters 20x20,324,cases,XPO,2026-09-25 17:00,2026-09-25 17:21,2026-09-25 18:37
PU-1624,2026-09-25,Garden Hoses 50ft,32,units,Saia,2026-09-25 17:30,2026-09-25 17:32,2026-09-25 17:59
PU-1625,2026-09-25,Ceramic Floor Tile,6,pallets,Saia,2026-09-25 17:30,2026-09-25 18:57,2026-09-25 19:49
PU-1626,2026-09-25,Bottled Water 24-Pack,36,cases,Werner Enterprises,2026-09-25 17:30,2026-09-25 17:52,2026-09-25 18:40
PU-1627,2026-09-28,HVAC Air Filters 20x20,292,cases,Schneider,2026-09-28 07:00,2026-09-28 06:50,2026-09-28 07:49
PU-1628,2026-09-28,Canned Tomatoes 28oz,15,pallets,Averitt Express,2026-09-28 07:30,2026-09-28 07:20,2026-09-28 08:08
PU-1629,2026-09-28,Ceramic Floor Tile,23,pallets,ABF Freight,2026-09-28 08:30,2026-09-28 08:00,2026-09-28 09:07
PU-1630,2026-09-28,Paper Towels 12-Roll,22,pallets,TForce Freight,2026-09-28 12:30,2026-09-28 12:13,2026-09-28 12:56
PU-1631,2026-09-28,Breakfast Cereal 18oz,282,cases,Estes Express Lines,2026-09-28 12:30,2026-09-28 12:25,2026-09-28 14:12
PU-1632,2026-09-28,Copy Paper 8.5x11,17,pallets,Old Dominion Freight Line,2026-09-28 13:30,2026-09-28 13:02,2026-09-28 14:10
PU-1633,2026-09-28,Garden Hoses 50ft,90,units,R+L Carriers,2026-09-28 15:00,2026-09-28 15:29,2026-09-28 16:09
PU-1634,2026-09-28,HVAC Air Filters 20x20,127,cases,J.B. Hunt,2026-09-28 15:30,2026-09-28 15:22,2026-09-28 16:23
PU-1635,2026-09-28,Canned Tomatoes 28oz,6,pallets,J.B. Hunt,2026-09-28 15:30,2026-09-28 15:51,2026-09-28 16:30
PU-1636,2026-09-28,Bottled Water 24-Pack,171,cases,TForce Freight,2026-09-28 16:30,2026-09-28 16:39,2026-09-28 17:51
PU-1637,2026-09-28,Bottled Water 24-Pack,157,cases,Old Dominion Freight Line,2026-09-28 16:30,2026-09-28 16:11,2026-09-28 17:11
PU-1638,2026-09-28,Dog Food 30lb Bags,21,pallets,Dayton Freight,2026-09-28 17:30,2026-09-28 17:46,2026-09-28 18:55
PU-1639,2026-09-29,Paper Towels 12-Roll,9,pallets,Dayton Freight,2026-09-29 08:00,2026-09-29 09:49,2026-09-29 10:28
PU-1640,2026-09-29,Canned Tomatoes 28oz,4,pallets,Knight-Swift,2026-09-29 08:00,2026-09-29 07:33,2026-09-29 08:10
PU-1641,2026-09-29,Office Chairs,64,units,Knight-Swift,2026-09-29 09:00,2026-09-29 09:10,2026-09-29 10:18
PU-1642,2026-09-29,Canned Tomatoes 28oz,7,pallets,Dayton Freight,2026-09-29 09:30,2026-09-29 10:06,2026-09-29 10:53
PU-1643,2026-09-29,Breakfast Cereal 18oz,238,cases,Werner Enterprises,2026-09-29 10:00,2026-09-29 11:15,2026-09-29 12:24
PU-1644,2026-09-29,Copy Paper 8.5x11,23,pallets,J.B. Hunt,2026-09-29 11:00,2026-09-29 12:24,2026-09-29 13:19
PU-1645,2026-09-29,Paper Towels 12-Roll,22,pallets,TForce Freight,2026-09-29 14:30,2026-09-29 14:42,2026-09-29 16:17
PU-1646,2026-09-29,Copy Paper 8.5x11,5,pallets,TForce Freight,2026-09-29 15:00,2026-09-29 14:51,2026-09-29 15:25
PU-1647,2026-09-29,Microwave Ovens 1.1cu ft,8,units,Averitt Express,2026-09-29 15:30,2026-09-29 15:28,2026-09-29 16:15
PU-1648,2026-09-29,HVAC Air Filters 20x20,265,cases,XPO,2026-09-29 16:30,2026-09-29 17:39,2026-09-29 19:02
PU-1649,2026-09-30,Vinyl Gloves Box-100,356,cases,Dayton Freight,2026-09-30 07:30,2026-09-30 07:27,2026-09-30 08:58
PU-1650,2026-09-30,Canned Tomatoes 28oz,13,pallets,FedEx Freight,2026-09-30 07:30,2026-09-30 07:25,2026-09-30 08:19
PU-1651,2026-09-30,Breakfast Cereal 18oz,261,cases,XPO,2026-09-30 11:00,2026-09-30 10:54,2026-09-30 12:06
PU-1652,2026-09-30,Dog Food 30lb Bags,11,pallets,FedEx Freight,2026-09-30 11:30,2026-09-30 11:22,2026-09-30 12:21
PU-1653,2026-09-30,Ceramic Floor Tile,11,pallets,Dayton Freight,2026-09-30 13:00,2026-09-30 13:18,2026-09-30 14:22
PU-1654,2026-09-30,HVAC Air Filters 20x20,392,cases,Old Dominion Freight Line,2026-09-30 14:30,2026-09-30 13:49,2026-09-30 15:21
PU-1655,2026-09-30,Paper Towels 12-Roll,5,pallets,J.B. Hunt,2026-09-30 15:00,2026-09-30 15:13,2026-09-30 16:05
PU-1656,2026-09-30,Paper Towels 12-Roll,13,pallets,FedEx Freight,2026-09-30 15:30,2026-09-30 16:11,2026-09-30 17:12
PU-1657,2026-09-30,Laundry Detergent 100oz,81,cases,UPS,2026-09-30 15:30,2026-09-30 15:31,2026-09-30 16:10
PU-1658,2026-09-30,Paper Towels 12-Roll,9,pallets,Knight-Swift,2026-09-30 16:00,2026-09-30 15:53,2026-09-30 16:49
PU-1659,2026-09-30,Copy Paper 8.5x11,3,pallets,XPO,2026-09-30 16:30,2026-09-30 16:21,2026-09-30 16:59
PU-1660,2026-09-30,Paper Towels 12-Roll,23,pallets,XPO,2026-09-30 18:00,2026-09-30 17:56,2026-09-30 19:01
PU-1661,2026-10-01,Motor Oil 5qt,221,cases,Dayton Freight,2026-10-01 07:00,2026-10-01 09:13,2026-10-01 10:13
PU-1662,2026-10-01,Canned Tomatoes 28oz,8,pallets,Saia,2026-10-01 08:30,2026-10-01 08:55,2026-10-01 09:41
PU-1663,2026-10-01,Breakfast Cereal 18oz,168,cases,UPS,2026-10-01 10:30,2026-10-01 10:47,2026-10-01 11:35
PU-1664,2026-10-01,Office Chairs,11,units,ABF Freight,2026-10-01 11:30,2026-10-01 11:32,2026-10-01 12:10
PU-1665,2026-10-01,Breakfast Cereal 18oz,185,cases,J.B. Hunt,2026-10-01 13:00,2026-10-01 15:10,2026-10-01 16:21
PU-1666,2026-10-01,LED Light Bulbs 60W,144,cases,FedEx Freight,2026-10-01 16:00,2026-10-01 16:22,2026-10-01 17:09
PU-1667,2026-10-01,Vinyl Gloves Box-100,308,cases,Saia,2026-10-01 17:30,2026-10-01 18:49,2026-10-01 20:17
PU-1668,2026-10-01,Breakfast Cereal 18oz,363,cases,J.B. Hunt,2026-10-01 18:00,2026-10-01 18:43,2026-10-01 19:56
PU-1669,2026-10-02,Laundry Detergent 100oz,160,cases,R+L Carriers,2026-10-02 07:30,2026-10-02 06:55,2026-10-02 07:25
PU-1670,2026-10-02,Canned Tomatoes 28oz,23,pallets,FedEx Freight,2026-10-02 08:30,2026-10-02 08:26,2026-10-02 09:54
PU-1671,2026-10-02,Dog Food 30lb Bags,8,pallets,XPO,2026-10-02 09:30,2026-10-02 09:18,2026-10-02 09:43
PU-1672,2026-10-02,Laundry Detergent 100oz,151,cases,Schneider,2026-10-02 10:00,2026-10-02 09:18,2026-10-02 10:12
PU-1673,2026-10-02,LED Light Bulbs 60W,164,cases,Estes Express Lines,2026-10-02 11:00,2026-10-02 12:02,2026-10-02 12:53
PU-1674,2026-10-02,Bottled Water 24-Pack,208,cases,Knight-Swift,2026-10-02 11:00,2026-10-02 11:30,2026-10-02 12:50
PU-1675,2026-10-02,Breakfast Cereal 18oz,291,cases,Dayton Freight,2026-10-02 13:00,2026-10-02 13:00,2026-10-02 14:16
PU-1676,2026-10-02,Microwave Ovens 1.1cu ft,19,units,Estes Express Lines,2026-10-02 16:00,2026-10-02 17:34,2026-10-02 18:04
PU-1677,2026-10-02,Office Chairs,77,units,XPO,2026-10-02 17:00,2026-10-02 17:35,2026-10-02 18:23
PU-1678,2026-10-02,Paper Towels 12-Roll,1,pallets,J.B. Hunt,2026-10-02 17:30,2026-10-02 17:45,2026-10-02 18:10